Plate,Well,Well Position,Omit,Sample Name,Target Name,Task,Reporter,Quencher,CT,Ct Mean,Ct SD,Quantity,Quantity Mean,Quantity SD,Automatic Ct Threshold,Ct Threshold,Automatic Baseline,Baseline Start,Baseline End,Comments,Y-Intercept,R(superscript 2),Slope,Amp Score,Cq Conf,Amp Status,HIGHSD,,
20240213_1,1,A1,false,Sample 1,GACH,UNKNOWN,CY5,NFQ-MGB,35.518,34.582,0.811,33.886,72.232,33.209,true,0.103,true,3,30,,40.505,0.977,-3.260,1.256,0.983,Amp,N,,
20240213_1,1,A1,false,Sample 1,MOA,UNKNOWN,VIC,NFQ-MGB,31.522,30.557,0.836,,,,true,0.187,true,3,26,,,,,1.365,0.962,Amp,N,,
20240213_1,2,A2,false,Sample 1,GACH,UNKNOWN,CY5,NFQ-MGB,34.111,34.582,0.811,91.548,72.232,33.209,true,0.103,true,3,30,,40.505,0.977,-3.260,1.379,0.989,Amp,N,,
20240213_1,2,A2,false,Sample 1,MOA,UNKNOWN,VIC,NFQ-MGB,30.099,30.557,0.836,,,,true,0.187,true,3,25,,,,,1.393,0.960,Amp,N,,
20240213_1,3,A3,false,Sample 1,GACH,UNKNOWN,CY5,NFQ-MGB,34.116,34.582,0.811,91.261,72.232,33.209,true,0.103,true,3,30,,40.505,0.977,-3.260,1.357,0.990,Amp,N,,
20240213_1,3,A3,false,Sample 1,MOA,UNKNOWN,VIC,NFQ-MGB,30.051,30.557,0.836,,,,true,0.187,true,3,25,,,,,1.392,0.957,Amp,N,,
20240213_1,4,A4,false,Sample 9,GACH,UNKNOWN,CY5,NFQ-MGB,34.227,34.257,0.126,84.340,82.822,7.267,true,0.103,true,3,29,,40.505,0.977,-3.260,1.367,0.988,Amp,N,,
20240213_1,4,A4,false,Sample 9,MOA,UNKNOWN,VIC,NFQ-MGB,30.611,30.629,0.336,,,,true,0.187,true,3,25,,,,,1.379,0.962,Amp,N,,
20240213_1,5,A5,false,Sample 9,GACH,UNKNOWN,CY5,NFQ-MGB,34.395,34.257,0.126,74.917,82.822,7.267,true,0.103,true,3,30,,40.505,0.977,-3.260,1.350,0.988,Amp,N,,
20240213_1,5,A5,false,Sample 9,MOA,UNKNOWN,VIC,NFQ-MGB,30.973,30.629,0.336,,,,true,0.187,true,3,26,,,,,1.379,0.962,Amp,N,,
20240213_1,6,A6,false,Sample 9,GACH,UNKNOWN,CY5,NFQ-MGB,34.148,34.257,0.126,89.210,82.822,7.267,true,0.103,true,3,30,,40.505,0.977,-3.260,1.352,0.986,Amp,N,,
20240213_1,6,A6,false,Sample 9,MOA,UNKNOWN,VIC,NFQ-MGB,30.302,30.629,0.336,,,,true,0.187,true,3,25,,,,,1.384,0.961,Amp,N,,
20240213_1,7,A7,false,Sample 17,GACH,UNKNOWN,CY5,NFQ-MGB,35.743,36.180,0.532,28.903,22.195,7.583,true,0.103,true,3,31,,40.505,0.977,-3.260,1.251,0.981,Amp,N,,
20240213_1,7,A7,false,Sample 17,MOA,UNKNOWN,VIC,NFQ-MGB,30.304,30.500,0.435,,,,true,0.187,true,3,25,,,,,1.383,0.964,Amp,N,,
20240213_1,8,A8,false,Sample 17,GACH,UNKNOWN,CY5,NFQ-MGB,36.773,36.180,0.532,13.967,22.195,7.583,true,0.103,true,3,32,,40.505,0.977,-3.260,1.171,0.973,Inconclusive,N,,
20240213_1,8,A8,false,Sample 17,MOA,UNKNOWN,VIC,NFQ-MGB,30.999,30.500,0.435,,,,true,0.187,true,3,26,,,,,1.385,0.967,Amp,N,,
20240213_1,9,A9,false,Sample 17,GACH,UNKNOWN,CY5,NFQ-MGB,36.023,36.180,0.532,23.716,22.195,7.583,true,0.103,true,3,31,,40.505,0.977,-3.260,1.236,0.976,Amp,N,,
20240213_1,9,A9,false,Sample 17,MOA,UNKNOWN,VIC,NFQ-MGB,30.198,30.500,0.435,,,,true,0.187,true,3,25,,,,,1.384,0.966,Amp,N,,
20240213_1,10,A10,false,,GACH,STANDARD,CY5,NFQ-MGB,19.796,20.535,0.806,"2,000,000.000",,,true,0.103,true,3,15,,40.505,0.977,-3.260,1.416,0.996,Amp,N,,
20240213_1,10,A10,false,,MOA,UNKNOWN,VIC,NFQ-MGB,29.681,30.200,0.662,,,,true,0.187,true,3,24,,,,,1.366,0.965,Amp,N,,
20240213_1,11,A11,false,,GACH,STANDARD,CY5,NFQ-MGB,20.415,20.535,0.806,"2,000,000.000",,,true,0.103,true,3,16,,40.505,0.977,-3.260,1.385,0.996,Amp,N,,
20240213_1,11,A11,false,,MOA,UNKNOWN,VIC,NFQ-MGB,29.973,30.200,0.662,,,,true,0.187,true,3,24,,,,,1.347,0.965,Amp,N,,
20240213_1,12,A12,false,,GACH,STANDARD,CY5,NFQ-MGB,21.394,20.535,0.806,"2,000,000.000",,,true,0.103,true,3,17,,40.505,0.977,-3.260,1.386,0.994,Amp,N,,
20240213_1,12,A12,false,,MOA,UNKNOWN,VIC,NFQ-MGB,30.945,30.200,0.662,,,,true,0.187,true,3,25,,,,,1.360,0.962,Amp,N,,
20240213_1,13,B1,false,Sample 2,GACH,UNKNOWN,CY5,NFQ-MGB,34.877,34.051,0.721,53.298,103.218,43.983,true,0.103,true,3,30,,40.505,0.977,-3.260,1.290,0.986,Amp,N,,
20240213_1,13,B1,false,Sample 2,MOA,UNKNOWN,VIC,NFQ-MGB,30.052,29.496,0.487,,,,true,0.187,true,3,25,,,,,1.397,0.963,Amp,N,,
20240213_1,14,B2,false,Sample 2,GACH,UNKNOWN,CY5,NFQ-MGB,33.727,34.051,0.721,120.088,103.218,43.983,true,0.103,true,3,29,,40.505,0.977,-3.260,1.254,0.986,Amp,N,,
20240213_1,14,B2,false,Sample 2,MOA,UNKNOWN,VIC,NFQ-MGB,29.289,29.496,0.487,,,,true,0.187,true,3,24,,,,,1.385,0.954,Amp,N,,
20240213_1,15,B3,false,Sample 2,GACH,UNKNOWN,CY5,NFQ-MGB,33.548,34.051,0.721,136.270,103.218,43.983,true,0.103,true,3,29,,40.505,0.977,-3.260,1.379,0.992,Amp,N,,
20240213_1,15,B3,false,Sample 2,MOA,UNKNOWN,VIC,NFQ-MGB,29.145,29.496,0.487,,,,true,0.187,true,3,24,,,,,1.398,0.966,Amp,N,,
20240213_1,16,B4,false,Sample 10,GACH,UNKNOWN,CY5,NFQ-MGB,31.695,31.679,0.153,504.412,512.493,55.935,true,0.103,true,3,27,,40.505,0.977,-3.260,1.424,0.994,Amp,N,,
20240213_1,16,B4,false,Sample 10,MOA,UNKNOWN,VIC,NFQ-MGB,29.103,29.123,0.024,,,,true,0.187,true,3,24,,,,,1.392,0.964,Amp,N,,
20240213_1,17,B5,false,Sample 10,GACH,UNKNOWN,CY5,NFQ-MGB,31.823,31.679,0.153,461.037,512.493,55.935,true,0.103,true,3,27,,40.505,0.977,-3.260,1.443,0.995,Amp,N,,
20240213_1,17,B5,false,Sample 10,MOA,UNKNOWN,VIC,NFQ-MGB,29.149,29.123,0.024,,,,true,0.187,true,3,24,,,,,1.403,0.968,Amp,N,,
20240213_1,18,B6,false,Sample 10,GACH,UNKNOWN,CY5,NFQ-MGB,31.517,31.679,0.153,572.029,512.493,55.935,true,0.103,true,3,27,,40.505,0.977,-3.260,1.396,0.992,Amp,N,,
20240213_1,18,B6,false,Sample 10,MOA,UNKNOWN,VIC,NFQ-MGB,29.117,29.123,0.024,,,,true,0.187,true,3,24,,,,,1.392,0.957,Amp,N,,
20240213_1,19,B7,false,Sample 18,GACH,UNKNOWN,CY5,NFQ-MGB,34.782,34.256,0.594,56.997,87.792,38.054,true,0.103,true,3,30,,40.505,0.977,-3.260,1.225,0.978,Amp,N,,
20240213_1,19,B7,false,Sample 18,MOA,UNKNOWN,VIC,NFQ-MGB,30.240,29.595,0.572,,,,true,0.187,true,3,25,,,,,1.377,0.947,Amp,N,,
20240213_1,20,B8,false,Sample 18,GACH,UNKNOWN,CY5,NFQ-MGB,34.374,34.256,0.594,76.045,87.792,38.054,true,0.103,true,3,30,,40.505,0.977,-3.260,1.371,0.987,Amp,N,,
20240213_1,20,B8,false,Sample 18,MOA,UNKNOWN,VIC,NFQ-MGB,29.395,29.595,0.572,,,,true,0.187,true,3,24,,,,,1.392,0.966,Amp,N,,
20240213_1,21,B9,false,Sample 18,GACH,UNKNOWN,CY5,NFQ-MGB,33.611,34.256,0.594,130.335,87.792,38.054,true,0.103,true,3,29,,40.505,0.977,-3.260,1.406,0.991,Amp,N,,
20240213_1,21,B9,false,Sample 18,MOA,UNKNOWN,VIC,NFQ-MGB,29.149,29.595,0.572,,,,true,0.187,true,3,24,,,,,1.399,0.967,Amp,N,,
20240213_1,22,B10,false,,GACH,STANDARD,CY5,NFQ-MGB,22.264,23.093,0.726,"200,000.000",,,true,0.103,true,3,17,,40.505,0.977,-3.260,1.435,0.995,Amp,N,,
20240213_1,22,B10,false,,MOA,UNKNOWN,VIC,NFQ-MGB,28.985,29.419,0.392,,,,true,0.187,true,3,24,,,,,1.377,0.968,Amp,N,,
20240213_1,23,B11,false,,GACH,STANDARD,CY5,NFQ-MGB,23.618,23.093,0.726,"200,000.000",,,true,0.103,true,3,19,,40.505,0.977,-3.260,1.414,0.996,Amp,N,,
20240213_1,23,B11,false,,MOA,UNKNOWN,VIC,NFQ-MGB,29.521,29.419,0.392,,,,true,0.187,true,3,24,,,,,1.358,0.965,Amp,N,,
20240213_1,24,B12,false,,GACH,STANDARD,CY5,NFQ-MGB,23.397,23.093,0.726,"200,000.000",,,true,0.103,true,3,19,,40.505,0.977,-3.260,1.396,0.996,Amp,N,,
20240213_1,24,B12,false,,MOA,UNKNOWN,VIC,NFQ-MGB,29.750,29.419,0.392,,,,true,0.187,true,3,24,,,,,1.348,0.964,Amp,N,,
20240213_1,25,C1,false,Sample 3,GACH,UNKNOWN,CY5,NFQ-MGB,34.556,34.298,0.523,66.883,84.164,33.422,true,0.103,true,3,30,,40.505,0.977,-3.260,1.292,0.984,Amp,N,,
20240213_1,25,C1,false,Sample 3,MOA,UNKNOWN,VIC,NFQ-MGB,29.608,29.319,0.253,,,,true,0.187,true,3,25,,,,,1.395,0.959,Amp,N,,
20240213_1,26,C2,false,Sample 3,GACH,UNKNOWN,CY5,NFQ-MGB,34.642,34.298,0.523,62.921,84.164,33.422,true,0.103,true,3,30,,40.505,0.977,-3.260,1.326,0.990,Amp,N,,
20240213_1,26,C2,false,Sample 3,MOA,UNKNOWN,VIC,NFQ-MGB,29.213,29.319,0.253,,,,true,0.187,true,3,23,,,,,1.407,0.966,Amp,N,,
20240213_1,27,C3,false,Sample 3,GACH,UNKNOWN,CY5,NFQ-MGB,33.697,34.298,0.523,122.689,84.164,33.422,true,0.103,true,3,30,,40.505,0.977,-3.260,1.223,0.977,Amp,N,,
20240213_1,27,C3,false,Sample 3,MOA,UNKNOWN,VIC,NFQ-MGB,29.136,29.319,0.253,,,,true,0.187,true,3,24,,,,,1.365,0.939,Amp,N,,
20240213_1,28,C4,false,Sample 11,GACH,UNKNOWN,CY5,NFQ-MGB,30.664,30.728,0.068,"1,045.589",999.644,47.671,true,0.103,true,3,27,,40.505,0.977,-3.260,1.443,0.995,Amp,N,,
20240213_1,28,C4,false,Sample 11,MOA,UNKNOWN,VIC,NFQ-MGB,28.891,28.971,0.077,,,,true,0.187,true,3,24,,,,,1.401,0.972,Amp,N,,
20240213_1,29,C5,false,Sample 11,GACH,UNKNOWN,CY5,NFQ-MGB,30.799,30.728,0.068,950.417,999.644,47.671,true,0.103,true,3,26,,40.505,0.977,-3.260,1.440,0.996,Amp,N,,
20240213_1,29,C5,false,Sample 11,MOA,UNKNOWN,VIC,NFQ-MGB,28.980,28.971,0.077,,,,true,0.187,true,3,24,,,,,1.400,0.969,Amp,N,,
20240213_1,30,C6,false,Sample 11,GACH,UNKNOWN,CY5,NFQ-MGB,30.723,30.728,0.068,"1,002.927",999.644,47.671,true,0.103,true,3,26,,40.505,0.977,-3.260,1.444,0.995,Amp,N,,
20240213_1,30,C6,false,Sample 11,MOA,UNKNOWN,VIC,NFQ-MGB,29.043,28.971,0.077,,,,true,0.187,true,3,24,,,,,1.397,0.966,Amp,N,,
20240213_1,31,C7,false,Sample 19,GACH,UNKNOWN,CY5,NFQ-MGB,32.877,33.054,0.231,218.948,194.848,30.486,true,0.103,true,3,28,,40.505,0.977,-3.260,1.446,0.993,Amp,N,,
20240213_1,31,C7,false,Sample 19,MOA,UNKNOWN,VIC,NFQ-MGB,28.882,29.076,0.189,,,,true,0.187,true,3,24,,,,,1.418,0.968,Amp,N,,
20240213_1,32,C8,false,Sample 19,GACH,UNKNOWN,CY5,NFQ-MGB,32.970,33.054,0.231,205.021,194.848,30.486,true,0.103,true,3,29,,40.505,0.977,-3.260,1.348,0.983,Amp,N,,
20240213_1,32,C8,false,Sample 19,MOA,UNKNOWN,VIC,NFQ-MGB,29.261,29.076,0.189,,,,true,0.187,true,3,24,,,,,1.396,0.952,Amp,N,,
20240213_1,33,C9,false,Sample 19,GACH,UNKNOWN,CY5,NFQ-MGB,33.316,33.054,0.231,160.576,194.848,30.486,true,0.103,true,3,28,,40.505,0.977,-3.260,1.424,0.992,Amp,N,,
20240213_1,33,C9,false,Sample 19,MOA,UNKNOWN,VIC,NFQ-MGB,29.085,29.076,0.189,,,,true,0.187,true,3,23,,,,,1.406,0.967,Amp,N,,
20240213_1,34,C10,false,,GACH,STANDARD,CY5,NFQ-MGB,25.478,26.031,0.734,"20,000.000",,,true,0.103,true,3,21,,40.505,0.977,-3.260,1.449,0.996,Amp,N,,
20240213_1,34,C10,false,,MOA,UNKNOWN,VIC,NFQ-MGB,28.685,28.983,0.375,,,,true,0.187,true,3,23,,,,,1.399,0.968,Amp,N,,
20240213_1,35,C11,false,,GACH,STANDARD,CY5,NFQ-MGB,25.751,26.031,0.734,"20,000.000",,,true,0.103,true,3,21,,40.505,0.977,-3.260,1.433,0.996,Amp,N,,
20240213_1,35,C11,false,,MOA,UNKNOWN,VIC,NFQ-MGB,28.859,28.983,0.375,,,,true,0.187,true,3,23,,,,,1.390,0.967,Amp,N,,
20240213_1,36,C12,false,,GACH,STANDARD,CY5,NFQ-MGB,26.864,26.031,0.734,"20,000.000",,,true,0.103,true,3,22,,40.505,0.977,-3.260,1.415,0.996,Amp,N,,
20240213_1,36,C12,false,,MOA,UNKNOWN,VIC,NFQ-MGB,29.404,28.983,0.375,,,,true,0.187,true,3,24,,,,,1.372,0.966,Amp,N,,
20240213_1,37,D1,false,Sample 4,GACH,UNKNOWN,CY5,NFQ-MGB,35.190,34.502,0.816,42.725,77.901,46.984,true,0.103,true,3,30,,40.505,0.977,-3.260,1.292,0.983,Amp,N,,
20240213_1,37,D1,false,Sample 4,MOA,UNKNOWN,VIC,NFQ-MGB,29.774,29.337,0.391,,,,true,0.187,true,3,25,,,,,1.406,0.969,Amp,N,,
20240213_1,38,D2,false,Sample 4,GACH,UNKNOWN,CY5,NFQ-MGB,33.601,34.502,0.816,131.258,77.901,46.984,true,0.103,true,3,28,,40.505,0.977,-3.260,1.406,0.987,Amp,N,,
20240213_1,38,D2,false,Sample 4,MOA,UNKNOWN,VIC,NFQ-MGB,29.018,29.337,0.391,,,,true,0.187,true,3,24,,,,,1.413,0.958,Amp,N,,
20240213_1,39,D3,false,Sample 4,GACH,UNKNOWN,CY5,NFQ-MGB,34.716,34.502,0.816,59.720,77.901,46.984,true,0.103,true,3,30,,40.505,0.977,-3.260,1.296,0.989,Amp,N,,
20240213_1,39,D3,false,Sample 4,MOA,UNKNOWN,VIC,NFQ-MGB,29.217,29.337,0.391,,,,true,0.187,true,3,24,,,,,1.396,0.957,Amp,N,,
20240213_1,40,D4,false,Sample 12,GACH,UNKNOWN,CY5,NFQ-MGB,31.362,31.379,0.071,638.408,631.384,31.442,true,0.103,true,3,27,,40.505,0.977,-3.260,1.454,0.993,Amp,N,,
20240213_1,40,D4,false,Sample 12,MOA,UNKNOWN,VIC,NFQ-MGB,28.831,28.946,0.103,,,,true,0.187,true,3,23,,,,,1.407,0.970,Amp,N,,
20240213_1,41,D5,false,Sample 12,GACH,UNKNOWN,CY5,NFQ-MGB,31.457,31.379,0.071,597.024,631.384,31.442,true,0.103,true,3,27,,40.505,0.977,-3.260,1.449,0.993,Amp,N,,
20240213_1,41,D5,false,Sample 12,MOA,UNKNOWN,VIC,NFQ-MGB,28.979,28.946,0.103,,,,true,0.187,true,3,24,,,,,1.404,0.964,Amp,N,,
20240213_1,42,D6,false,Sample 12,GACH,UNKNOWN,CY5,NFQ-MGB,31.318,31.379,0.071,658.720,631.384,31.442,true,0.103,true,3,27,,40.505,0.977,-3.260,1.363,0.990,Amp,N,,
20240213_1,42,D6,false,Sample 12,MOA,UNKNOWN,VIC,NFQ-MGB,29.030,28.946,0.103,,,,true,0.187,true,3,24,,,,,1.381,0.949,Amp,N,,
20240213_1,43,D7,false,Sample 20,GACH,UNKNOWN,CY5,NFQ-MGB,32.807,32.879,0.091,230.045,218.916,13.888,true,0.103,true,3,28,,40.505,0.977,-3.260,1.423,0.992,Amp,N,,
20240213_1,43,D7,false,Sample 20,MOA,UNKNOWN,VIC,NFQ-MGB,29.223,29.019,0.199,,,,true,0.187,true,3,24,,,,,1.401,0.960,Amp,N,,
20240213_1,44,D8,false,Sample 20,GACH,UNKNOWN,CY5,NFQ-MGB,32.849,32.879,0.091,223.350,218.916,13.888,true,0.103,true,3,28,,40.505,0.977,-3.260,1.418,0.991,Amp,N,,
20240213_1,44,D8,false,Sample 20,MOA,UNKNOWN,VIC,NFQ-MGB,29.007,29.019,0.199,,,,true,0.187,true,3,24,,,,,1.402,0.959,Amp,N,,
20240213_1,45,D9,false,Sample 20,GACH,UNKNOWN,CY5,NFQ-MGB,32.981,32.879,0.091,203.352,218.916,13.888,true,0.103,true,3,28,,40.505,0.977,-3.260,1.422,0.994,Amp,N,,
20240213_1,45,D9,false,Sample 20,MOA,UNKNOWN,VIC,NFQ-MGB,28.826,29.019,0.199,,,,true,0.187,true,3,23,,,,,1.412,0.965,Amp,N,,
20240213_1,46,D10,false,,GACH,STANDARD,CY5,NFQ-MGB,28.886,29.271,0.409,"2,000.000",,,true,0.103,true,3,24,,40.505,0.977,-3.260,1.444,0.996,Amp,N,,
20240213_1,46,D10,false,,MOA,UNKNOWN,VIC,NFQ-MGB,28.525,28.880,0.424,,,,true,0.187,true,3,23,,,,,1.413,0.968,Amp,N,,
20240213_1,47,D11,false,,GACH,STANDARD,CY5,NFQ-MGB,29.228,29.271,0.409,"2,000.000",,,true,0.103,true,3,24,,40.505,0.977,-3.260,1.444,0.995,Amp,N,,
20240213_1,47,D11,false,,MOA,UNKNOWN,VIC,NFQ-MGB,28.764,28.880,0.424,,,,true,0.187,true,3,23,,,,,1.407,0.969,Amp,N,,
20240213_1,48,D12,false,,GACH,STANDARD,CY5,NFQ-MGB,29.700,29.271,0.409,"2,000.000",,,true,0.103,true,3,25,,40.505,0.977,-3.260,1.430,0.995,Amp,N,,
20240213_1,48,D12,false,,MOA,UNKNOWN,VIC,NFQ-MGB,29.350,28.880,0.424,,,,true,0.187,true,3,24,,,,,1.394,0.964,Amp,N,,
20240213_1,49,E1,false,Sample 5,GACH,UNKNOWN,CY5,NFQ-MGB,34.438,34.089,0.356,72.679,94.948,23.881,true,0.103,true,3,30,,40.505,0.977,-3.260,1.372,0.991,Amp,N,,
20240213_1,49,E1,false,Sample 5,MOA,UNKNOWN,VIC,NFQ-MGB,29.902,29.368,0.464,,,,true,0.187,true,3,24,,,,,1.403,0.969,Amp,N,,
20240213_1,50,E2,false,Sample 5,GACH,UNKNOWN,CY5,NFQ-MGB,34.104,34.089,0.356,91.997,94.948,23.881,true,0.103,true,3,29,,40.505,0.977,-3.260,1.382,0.988,Amp,N,,
20240213_1,50,E2,false,Sample 5,MOA,UNKNOWN,VIC,NFQ-MGB,29.135,29.368,0.464,,,,true,0.187,true,3,24,,,,,1.405,0.967,Amp,N,,
20240213_1,51,E3,false,Sample 5,GACH,UNKNOWN,CY5,NFQ-MGB,33.726,34.089,0.356,120.167,94.948,23.881,true,0.103,true,3,30,,40.505,0.977,-3.260,1.404,0.989,Amp,N,,
20240213_1,51,E3,false,Sample 5,MOA,UNKNOWN,VIC,NFQ-MGB,29.068,29.368,0.464,,,,true,0.187,true,3,23,,,,,1.398,0.968,Amp,N,,
20240213_1,52,E4,false,Sample 13,GACH,UNKNOWN,CY5,NFQ-MGB,31.470,31.597,0.131,591.634,542.162,49.916,true,0.103,true,3,27,,40.505,0.977,-3.260,1.454,0.992,Amp,N,,
20240213_1,52,E4,false,Sample 13,MOA,UNKNOWN,VIC,NFQ-MGB,28.738,28.877,0.125,,,,true,0.187,true,3,23,,,,,1.412,0.969,Amp,N,,
20240213_1,53,E5,false,Sample 13,GACH,UNKNOWN,CY5,NFQ-MGB,31.731,31.597,0.131,491.814,542.162,49.916,true,0.103,true,3,27,,40.505,0.977,-3.260,1.391,0.993,Amp,N,,
20240213_1,53,E5,false,Sample 13,MOA,UNKNOWN,VIC,NFQ-MGB,28.915,28.877,0.125,,,,true,0.187,true,3,23,,,,,1.388,0.951,Amp,N,,
20240213_1,54,E6,false,Sample 13,GACH,UNKNOWN,CY5,NFQ-MGB,31.591,31.597,0.131,543.037,542.162,49.916,true,0.103,true,3,27,,40.505,0.977,-3.260,1.441,0.994,Amp,N,,
20240213_1,54,E6,false,Sample 13,MOA,UNKNOWN,VIC,NFQ-MGB,28.978,28.877,0.125,,,,true,0.187,true,3,23,,,,,1.407,0.963,Amp,N,,
20240213_1,55,E7,false,Sample 21,GACH,UNKNOWN,CY5,NFQ-MGB,29.815,29.442,0.572,"1,903.727","2,624.728","1,144.221",true,0.103,true,3,25,,40.505,0.977,-3.260,1.457,0.996,Amp,N,,
20240213_1,55,E7,false,Sample 21,MOA,UNKNOWN,VIC,NFQ-MGB,29.156,29.043,0.111,,,,true,0.187,true,3,24,,,,,1.403,0.966,Amp,N,,
20240213_1,56,E8,false,Sample 21,GACH,UNKNOWN,CY5,NFQ-MGB,29.727,29.442,0.572,"2,026.395","2,624.728","1,144.221",true,0.103,true,3,25,,40.505,0.977,-3.260,1.454,0.995,Amp,N,,
20240213_1,56,E8,false,Sample 21,MOA,UNKNOWN,VIC,NFQ-MGB,29.039,29.043,0.111,,,,true,0.187,true,3,24,,,,,1.401,0.965,Amp,N,,
20240213_1,57,E9,false,Sample 21,GACH,UNKNOWN,CY5,NFQ-MGB,28.784,29.442,0.572,"3,944.061","2,624.728","1,144.221",true,0.103,true,3,24,,40.505,0.977,-3.260,1.440,0.992,Amp,N,,
20240213_1,57,E9,false,Sample 21,MOA,UNKNOWN,VIC,NFQ-MGB,28.933,29.043,0.111,,,,true,0.187,true,3,24,,,,,1.381,0.951,Amp,N,,
20240213_1,58,E10,false,,GACH,STANDARD,CY5,NFQ-MGB,31.649,33.071,1.576,200.000,,,true,0.103,true,3,27,,40.505,0.977,-3.260,1.443,0.992,Amp,Y,,
20240213_1,58,E10,false,,MOA,UNKNOWN,VIC,NFQ-MGB,28.546,29.249,0.884,,,,true,0.187,true,3,23,,,,,1.412,0.966,Amp,Y,,
20240213_1,59,E11,false,,GACH,STANDARD,CY5,NFQ-MGB,32.798,33.071,1.576,200.000,,,true,0.103,true,3,28,,40.505,0.977,-3.260,1.424,0.994,Amp,Y,,
20240213_1,59,E11,false,,MOA,UNKNOWN,VIC,NFQ-MGB,28.960,29.249,0.884,,,,true,0.187,true,3,24,,,,,1.409,0.969,Amp,Y,,
20240213_1,60,E12,false,,GACH,STANDARD,CY5,NFQ-MGB,34.766,33.071,1.576,200.000,,,true,0.103,true,3,30,,40.505,0.977,-3.260,1.306,0.989,Amp,Y,,
20240213_1,60,E12,false,,MOA,UNKNOWN,VIC,NFQ-MGB,30.241,29.249,0.884,,,,true,0.187,true,3,25,,,,,1.397,0.963,Amp,Y,,
20240213_1,61,F1,false,Sample 6,GACH,UNKNOWN,CY5,NFQ-MGB,35.622,34.954,0.628,31.491,53.715,22.211,true,0.103,true,3,30,,40.505,0.977,-3.260,1.257,0.983,Amp,N,,
20240213_1,61,F1,false,Sample 6,MOA,UNKNOWN,VIC,NFQ-MGB,30.124,29.431,0.621,,,,true,0.187,true,3,25,,,,,1.395,0.966,Amp,N,,
20240213_1,62,F2,false,Sample 6,GACH,UNKNOWN,CY5,NFQ-MGB,34.865,34.954,0.628,53.742,53.715,22.211,true,0.103,true,3,30,,40.505,0.977,-3.260,1.307,0.989,Amp,N,,
20240213_1,62,F2,false,Sample 6,MOA,UNKNOWN,VIC,NFQ-MGB,29.246,29.431,0.621,,,,true,0.187,true,3,24,,,,,1.405,0.966,Amp,N,,
20240213_1,63,F3,false,Sample 6,GACH,UNKNOWN,CY5,NFQ-MGB,34.376,34.954,0.628,75.912,53.715,22.211,true,0.103,true,3,29,,40.505,0.977,-3.260,1.371,0.981,Amp,N,,
20240213_1,63,F3,false,Sample 6,MOA,UNKNOWN,VIC,NFQ-MGB,28.923,29.431,0.621,,,,true,0.187,true,3,24,,,,,1.406,0.964,Amp,N,,
20240213_1,64,F4,false,Sample 14,GACH,UNKNOWN,CY5,NFQ-MGB,31.822,31.690,0.363,461.146,517.930,139.391,true,0.103,true,3,27,,40.505,0.977,-3.260,1.439,0.995,Amp,N,,
20240213_1,64,F4,false,Sample 14,MOA,UNKNOWN,VIC,NFQ-MGB,28.878,28.880,0.080,,,,true,0.187,true,3,23,,,,,1.404,0.970,Amp,N,,
20240213_1,65,F5,false,Sample 14,GACH,UNKNOWN,CY5,NFQ-MGB,31.279,31.690,0.363,676.750,517.930,139.391,true,0.103,true,3,27,,40.505,0.977,-3.260,1.449,0.993,Amp,N,,
20240213_1,65,F5,false,Sample 14,MOA,UNKNOWN,VIC,NFQ-MGB,28.800,28.880,0.080,,,,true,0.187,true,3,23,,,,,1.407,0.962,Amp,N,,
20240213_1,66,F6,false,Sample 14,GACH,UNKNOWN,CY5,NFQ-MGB,31.969,31.690,0.363,415.895,517.930,139.391,true,0.103,true,3,28,,40.505,0.977,-3.260,1.437,0.994,Amp,N,,
20240213_1,66,F6,false,Sample 14,MOA,UNKNOWN,VIC,NFQ-MGB,28.961,28.880,0.080,,,,true,0.187,true,3,24,,,,,1.413,0.967,Amp,N,,
20240213_1,67,F7,false,Sample 22,GACH,UNKNOWN,CY5,NFQ-MGB,32.240,32.494,0.401,343.254,294.204,75.756,true,0.103,true,3,28,,40.505,0.977,-3.260,1.444,0.993,Amp,N,,
20240213_1,67,F7,false,Sample 22,MOA,UNKNOWN,VIC,NFQ-MGB,28.919,28.999,0.097,,,,true,0.187,true,3,24,,,,,1.408,0.968,Amp,N,,
20240213_1,68,F8,false,Sample 22,GACH,UNKNOWN,CY5,NFQ-MGB,32.957,32.494,0.401,206.953,294.204,75.756,true,0.103,true,3,28,,40.505,0.977,-3.260,1.437,0.994,Amp,N,,
20240213_1,68,F8,false,Sample 22,MOA,UNKNOWN,VIC,NFQ-MGB,29.107,28.999,0.097,,,,true,0.187,true,3,24,,,,,1.405,0.966,Amp,N,,
20240213_1,69,F9,false,Sample 22,GACH,UNKNOWN,CY5,NFQ-MGB,32.286,32.494,0.401,332.403,294.204,75.756,true,0.103,true,3,28,,40.505,0.977,-3.260,1.429,0.993,Amp,N,,
20240213_1,69,F9,false,Sample 22,MOA,UNKNOWN,VIC,NFQ-MGB,28.972,28.999,0.097,,,,true,0.187,true,3,24,,,,,1.404,0.968,Amp,N,,
20240213_1,70,F10,false,,GACH,STANDARD,CY5,NFQ-MGB,35.047,36.632,1.455,20.000,,,true,0.103,true,3,30,,40.505,0.977,-3.260,1.311,0.977,Amp,Y,,
20240213_1,70,F10,false,,MOA,UNKNOWN,VIC,NFQ-MGB,28.523,30.431,3.034,,,,true,0.187,true,3,23,,,,,1.421,0.967,Amp,Y,,
20240213_1,71,F11,false,,GACH,STANDARD,CY5,NFQ-MGB,36.943,36.632,1.455,20.000,,,true,0.103,true,3,32,,40.505,0.977,-3.260,1.140,0.975,Inconclusive,Y,,
20240213_1,71,F11,false,,MOA,UNKNOWN,VIC,NFQ-MGB,28.839,30.431,3.034,,,,true,0.187,true,3,24,,,,,1.409,0.966,Amp,Y,,
20240213_1,72,F12,false,,GACH,STANDARD,CY5,NFQ-MGB,37.906,36.632,1.455,20.000,,,true,0.103,true,3,33,,40.505,0.977,-3.260,1.044,0.907,No Amp,Y,,
20240213_1,72,F12,false,,MOA,UNKNOWN,VIC,NFQ-MGB,33.929,30.431,3.034,,,,true,0.187,true,3,28,,,,,1.338,0.913,Amp,Y,,
20240213_1,73,G1,false,Sample 7,GACH,UNKNOWN,CY5,NFQ-MGB,34.291,34.117,0.260,80.610,92.264,17.710,true,0.103,true,3,30,,40.505,0.977,-3.260,1.374,0.987,Amp,Y,,
20240213_1,73,G1,false,Sample 7,MOA,UNKNOWN,VIC,NFQ-MGB,29.256,29.959,1.184,,,,true,0.187,true,3,24,,,,,1.398,0.969,Amp,Y,,
20240213_1,74,G2,false,Sample 7,GACH,UNKNOWN,CY5,NFQ-MGB,33.818,34.117,0.260,112.644,92.264,17.710,true,0.103,true,3,29,,40.505,0.977,-3.260,1.299,0.984,Amp,Y,,
20240213_1,74,G2,false,Sample 7,MOA,UNKNOWN,VIC,NFQ-MGB,29.294,29.959,1.184,,,,true,0.187,true,3,24,,,,,1.391,0.957,Amp,Y,,
20240213_1,75,G3,false,Sample 7,GACH,UNKNOWN,CY5,NFQ-MGB,34.241,34.117,0.260,83.540,92.264,17.710,true,0.103,true,3,29,,40.505,0.977,-3.260,1.353,0.979,Amp,Y,,
20240213_1,75,G3,false,Sample 7,MOA,UNKNOWN,VIC,NFQ-MGB,31.326,29.959,1.184,,,,true,0.187,true,3,26,,,,,1.399,0.942,Amp,Y,,
20240213_1,76,G4,false,Sample 15,GACH,UNKNOWN,CY5,NFQ-MGB,33.178,32.880,0.607,176.985,233.126,108.088,true,0.103,true,3,28,,40.505,0.977,-3.260,1.409,0.986,Amp,N,,
20240213_1,76,G4,false,Sample 15,MOA,UNKNOWN,VIC,NFQ-MGB,29.062,28.980,0.110,,,,true,0.187,true,3,24,,,,,1.399,0.962,Amp,N,,
20240213_1,77,G5,false,Sample 15,GACH,UNKNOWN,CY5,NFQ-MGB,32.182,32.880,0.607,357.732,233.126,108.088,true,0.103,true,3,28,,40.505,0.977,-3.260,1.424,0.991,Amp,N,,
20240213_1,77,G5,false,Sample 15,MOA,UNKNOWN,VIC,NFQ-MGB,28.854,28.980,0.110,,,,true,0.187,true,3,24,,,,,1.406,0.958,Amp,N,,
20240213_1,78,G6,false,Sample 15,GACH,UNKNOWN,CY5,NFQ-MGB,33.280,32.880,0.607,164.661,233.126,108.088,true,0.103,true,3,29,,40.505,0.977,-3.260,1.373,0.991,Amp,N,,
20240213_1,78,G6,false,Sample 15,MOA,UNKNOWN,VIC,NFQ-MGB,29.022,28.980,0.110,,,,true,0.187,true,3,24,,,,,1.396,0.962,Amp,N,,
20240213_1,79,G7,false,Sample 23,GACH,UNKNOWN,CY5,NFQ-MGB,29.901,29.798,0.165,"1,791.736","1,935.743",232.059,true,0.103,true,3,25,,40.505,0.977,-3.260,1.443,0.996,Amp,N,,
20240213_1,79,G7,false,Sample 23,MOA,UNKNOWN,VIC,NFQ-MGB,29.229,29.192,0.074,,,,true,0.187,true,3,24,,,,,1.391,0.968,Amp,N,,
20240213_1,80,G8,false,Sample 23,GACH,UNKNOWN,CY5,NFQ-MGB,29.885,29.798,0.165,"1,812.049","1,935.743",232.059,true,0.103,true,3,25,,40.505,0.977,-3.260,1.443,0.995,Amp,N,,
20240213_1,80,G8,false,Sample 23,MOA,UNKNOWN,VIC,NFQ-MGB,29.240,29.192,0.074,,,,true,0.187,true,3,24,,,,,1.392,0.968,Amp,N,,
20240213_1,81,G9,false,Sample 23,GACH,UNKNOWN,CY5,NFQ-MGB,29.608,29.798,0.165,"2,203.445","1,935.743",232.059,true,0.103,true,3,25,,40.505,0.977,-3.260,1.437,0.996,Amp,N,,
20240213_1,81,G9,false,Sample 23,MOA,UNKNOWN,VIC,NFQ-MGB,29.107,29.192,0.074,,,,true,0.187,true,3,24,,,,,1.388,0.967,Amp,N,,
20240213_1,82,G10,false,,GACH,STANDARD,CY5,NFQ-MGB,39.706,39.706,,2.000,,,true,0.103,true,3,35,,40.505,0.977,-3.260,0.836,0.000,No Amp,Y,,
20240213_1,82,G10,false,,MOA,UNKNOWN,VIC,NFQ-MGB,28.684,29.898,1.580,,,,true,0.187,true,3,23,,,,,1.412,0.968,Amp,Y,,
20240213_1,83,G11,false,,GACH,STANDARD,CY5,NFQ-MGB,Undetermined,39.706,,2.000,,,true,0.103,true,3,35,,40.505,0.977,-3.260,0.779,0.000,No Amp,Y,,
20240213_1,83,G11,false,,MOA,UNKNOWN,VIC,NFQ-MGB,31.684,29.898,1.580,,,,true,0.187,true,3,27,,,,,1.414,0.946,Amp,Y,,
20240213_1,84,G12,false,,GACH,STANDARD,CY5,NFQ-MGB,Undetermined,39.706,,2.000,,,true,0.103,true,3,35,,40.505,0.977,-3.260,0.610,0.000,No Amp,Y,,
20240213_1,84,G12,false,,MOA,UNKNOWN,VIC,NFQ-MGB,29.326,29.898,1.580,,,,true,0.187,true,3,24,,,,,1.397,0.965,Amp,Y,,
20240213_1,85,H1,false,Sample 8,GACH,UNKNOWN,CY5,NFQ-MGB,35.547,34.537,1.069,33.192,81.748,60.358,true,0.103,true,3,31,,40.505,0.977,-3.260,1.249,0.971,Amp,Y,,
20240213_1,85,H1,false,Sample 8,MOA,UNKNOWN,VIC,NFQ-MGB,31.522,30.171,1.174,,,,true,0.187,true,3,27,,,,,1.377,0.964,Amp,Y,,
20240213_1,86,H2,false,Sample 8,GACH,UNKNOWN,CY5,NFQ-MGB,34.646,34.537,1.069,62.726,81.748,60.358,true,0.103,true,3,30,,40.505,0.977,-3.260,1.331,0.987,Amp,Y,,
20240213_1,86,H2,false,Sample 8,MOA,UNKNOWN,VIC,NFQ-MGB,29.589,30.171,1.174,,,,true,0.187,true,3,24,,,,,1.410,0.965,Amp,Y,,
20240213_1,87,H3,false,Sample 8,GACH,UNKNOWN,CY5,NFQ-MGB,33.419,34.537,1.069,149.325,81.748,60.358,true,0.103,true,3,29,,40.505,0.977,-3.260,1.281,0.983,Amp,Y,,
20240213_1,87,H3,false,Sample 8,MOA,UNKNOWN,VIC,NFQ-MGB,29.402,30.171,1.174,,,,true,0.187,true,3,24,,,,,1.377,0.952,Amp,Y,,
20240213_1,88,H4,false,Sample 16,GACH,UNKNOWN,CY5,NFQ-MGB,35.165,34.429,0.663,43.496,78.269,32.548,true,0.103,true,3,30,,40.505,0.977,-3.260,1.295,0.982,Amp,N,,
20240213_1,88,H4,false,Sample 16,MOA,UNKNOWN,VIC,NFQ-MGB,30.506,30.166,0.405,,,,true,0.187,true,3,25,,,,,1.408,0.960,Amp,N,,
20240213_1,89,H5,false,Sample 16,GACH,UNKNOWN,CY5,NFQ-MGB,34.245,34.429,0.663,83.305,78.269,32.548,true,0.103,true,3,29,,40.505,0.977,-3.260,1.362,0.988,Amp,N,,
20240213_1,89,H5,false,Sample 16,MOA,UNKNOWN,VIC,NFQ-MGB,29.717,30.166,0.405,,,,true,0.187,true,3,24,,,,,1.401,0.962,Amp,N,,
20240213_1,90,H6,false,Sample 16,GACH,UNKNOWN,CY5,NFQ-MGB,33.877,34.429,0.663,108.004,78.269,32.548,true,0.103,true,3,29,,40.505,0.977,-3.260,1.391,0.986,Amp,N,,
20240213_1,90,H6,false,Sample 16,MOA,UNKNOWN,VIC,NFQ-MGB,30.273,30.166,0.405,,,,true,0.187,true,3,25,,,,,1.394,0.956,Amp,N,,
20240213_1,91,H7,false,Sample 24,GACH,UNKNOWN,CY5,NFQ-MGB,37.283,35.868,2.692,9.743,85.025,131.885,true,0.103,true,3,33,,40.505,0.977,-3.260,1.114,0.966,No Amp,Y,,
20240213_1,91,H7,false,Sample 24,MOA,UNKNOWN,VIC,NFQ-MGB,32.962,32.580,2.721,,,,true,0.187,true,3,28,,,,,1.401,0.957,Amp,Y,,
20240213_1,92,H8,false,Sample 24,GACH,UNKNOWN,CY5,NFQ-MGB,37.558,35.868,2.692,8.021,85.025,131.885,true,0.103,true,3,33,,40.505,0.977,-3.260,1.069,0.888,No Amp,Y,,
20240213_1,92,H8,false,Sample 24,MOA,UNKNOWN,VIC,NFQ-MGB,35.090,32.580,2.721,,,,true,0.187,true,3,30,,,,,1.356,0.918,Amp,Y,,
20240213_1,93,H9,false,Sample 24,GACH,UNKNOWN,CY5,NFQ-MGB,32.763,35.868,2.692,237.309,85.025,131.885,true,0.103,true,3,28,,40.505,0.977,-3.260,1.425,0.993,Amp,Y,,
20240213_1,93,H9,false,Sample 24,MOA,UNKNOWN,VIC,NFQ-MGB,29.689,32.580,2.721,,,,true,0.187,true,3,25,,,,,1.404,0.963,Amp,Y,,
20240213_1,94,H10,false,,GACH,NTC,CY5,NFQ-MGB,Undetermined,,,,,,true,0.103,true,3,39,,40.505,0.977,-3.260,0.000,0.000,No Amp,Y,,
20240213_1,94,H10,false,,MOA,UNKNOWN,VIC,NFQ-MGB,31.598,32.392,3.360,,,,true,0.187,true,3,26,,,,,1.417,0.943,Amp,Y,,
20240213_1,95,H11,false,,GACH,NTC,CY5,NFQ-MGB,Undetermined,,,,,,true,0.103,true,3,39,,40.505,0.977,-3.260,0.000,0.000,No Amp,Y,,
20240213_1,95,H11,false,,MOA,UNKNOWN,VIC,NFQ-MGB,29.500,32.392,3.360,,,,true,0.187,true,3,24,,,,,1.414,0.967,Amp,Y,,
20240213_1,96,H12,false,,GACH,NTC,CY5,NFQ-MGB,Undetermined,,,,,,true,0.103,true,3,39,,40.505,0.977,-3.260,0.000,0.000,No Amp,Y,,
20240213_1,96,H12,false,,MOA,UNKNOWN,VIC,NFQ-MGB,36.078,32.392,3.360,,,,true,0.187,true,3,31,,,,,1.291,0.891,Amp,Y,,
20240213_2,1,A1,false,Sample 1,GACH,UNKNOWN,CY5,NFQ-MGB,29.527,29.379,0.260,"1,107.680","1,246.417",243.985,true,0.203,true,3,24,,39.269,0.968,-3.200,1.394,0.993,Amp,N,N,N
20240213_2,1,A1,false,Sample 1,MOA,UNKNOWN,VIC,NFQ-MGB,29.384,29.277,0.093,,,,true,0.259,true,3,24,,,,,1.345,0.963,Amp,N,N,N
20240213_2,2,A2,false,Sample 1,GACH,UNKNOWN,CY5,NFQ-MGB,29.532,29.379,0.260,"1,103.434","1,246.417",243.985,true,0.203,true,3,24,,39.269,0.968,-3.200,1.389,0.991,Amp,N,N,N
20240213_2,2,A2,false,Sample 1,MOA,UNKNOWN,VIC,NFQ-MGB,29.225,29.277,0.093,,,,true,0.259,true,3,23,,,,,1.341,0.963,Amp,N,N,N
20240213_2,3,A3,false,Sample 1,GACH,UNKNOWN,CY5,NFQ-MGB,29.079,29.379,0.260,"1,528.136","1,246.417",243.985,true,0.203,true,3,23,,39.269,0.968,-3.200,1.402,0.991,Amp,N,N,N
20240213_2,3,A3,false,Sample 1,MOA,UNKNOWN,VIC,NFQ-MGB,29.223,29.277,0.093,,,,true,0.259,true,3,23,,,,,1.343,0.960,Amp,N,N,N
20240213_2,4,A4,false,Sample 9,GACH,UNKNOWN,CY5,NFQ-MGB,33.025,33.068,0.437,89.407,89.489,27.138,true,0.203,true,3,27,,39.269,0.968,-3.200,1.400,0.987,Amp,N,N,N
20240213_2,4,A4,false,Sample 9,MOA,UNKNOWN,VIC,NFQ-MGB,29.426,29.334,0.087,,,,true,0.259,true,3,23,,,,,1.366,0.967,Amp,N,N,N
20240213_2,5,A5,false,Sample 9,GACH,UNKNOWN,CY5,NFQ-MGB,32.655,33.068,0.437,116.668,89.489,27.138,true,0.203,true,3,27,,39.269,0.968,-3.200,1.409,0.989,Amp,N,N,N
20240213_2,5,A5,false,Sample 9,MOA,UNKNOWN,VIC,NFQ-MGB,29.252,29.334,0.087,,,,true,0.259,true,3,23,,,,,1.354,0.964,Amp,N,N,N
20240213_2,6,A6,false,Sample 9,GACH,UNKNOWN,CY5,NFQ-MGB,33.525,33.068,0.437,62.392,89.489,27.138,true,0.203,true,3,27,,39.269,0.968,-3.200,1.397,0.989,Amp,N,N,N
20240213_2,6,A6,false,Sample 9,MOA,UNKNOWN,VIC,NFQ-MGB,29.325,29.334,0.087,,,,true,0.259,true,3,23,,,,,1.379,0.964,Amp,N,N,N
20240213_2,7,A7,false,Sample 17,GACH,UNKNOWN,CY5,NFQ-MGB,29.446,29.742,0.866,"1,173.589","1,063.259",546.245,true,0.203,true,3,24,,39.269,0.968,-3.200,1.408,0.992,Amp,Y,N,N
20240213_2,7,A7,false,Sample 17,MOA,UNKNOWN,VIC,NFQ-MGB,29.152,29.416,0.531,,,,true,0.259,true,3,23,,,,,1.358,0.964,Amp,Y,N,N
20240213_2,8,A8,false,Sample 17,GACH,UNKNOWN,CY5,NFQ-MGB,29.063,29.742,0.866,"1,545.917","1,063.259",546.245,true,0.203,true,3,23,,39.269,0.968,-3.200,1.424,0.990,Amp,Y,N,N
20240213_2,8,A8,false,Sample 17,MOA,UNKNOWN,VIC,NFQ-MGB,29.070,29.416,0.531,,,,true,0.259,true,3,23,,,,,1.358,0.963,Amp,Y,N,N
20240213_2,9,A9,false,Sample 17,GACH,UNKNOWN,CY5,NFQ-MGB,30.717,29.742,0.866,470.271,"1,063.259",546.245,true,0.203,true,3,25,,39.269,0.968,-3.200,1.418,0.990,Amp,Y,N,N
20240213_2,9,A9,false,Sample 17,MOA,UNKNOWN,VIC,NFQ-MGB,30.027,29.416,0.531,,,,true,0.259,true,3,24,,,,,1.361,0.962,Amp,Y,N,N
20240213_2,10,A10,false,,GACH,STANDARD,CY5,NFQ-MGB,18.444,19.283,0.965,"2,000,000.000",,,true,0.203,true,3,13,,39.269,0.968,-3.200,1.421,0.991,Amp,Y,N,N
20240213_2,10,A10,false,,MOA,UNKNOWN,VIC,NFQ-MGB,28.886,29.333,0.431,,,,true,0.259,true,3,23,,,,,1.353,0.965,Amp,Y,N,N
20240213_2,11,A11,false,,GACH,STANDARD,CY5,NFQ-MGB,19.068,19.283,0.965,"2,000,000.000",,,true,0.203,true,3,14,,39.269,0.968,-3.200,1.391,0.992,Amp,Y,N,N
20240213_2,11,A11,false,,MOA,UNKNOWN,VIC,NFQ-MGB,29.364,29.333,0.431,,,,true,0.259,true,3,23,,,,,1.329,0.962,Amp,Y,N,N
20240213_2,12,A12,false,,GACH,STANDARD,CY5,NFQ-MGB,20.337,19.283,0.965,"2,000,000.000",,,true,0.203,true,3,15,,39.269,0.968,-3.200,1.388,0.992,Amp,Y,N,N
20240213_2,12,A12,false,,MOA,UNKNOWN,VIC,NFQ-MGB,29.748,29.333,0.431,,,,true,0.259,true,3,23,,,,,1.354,0.962,Amp,Y,N,N
20240213_2,13,B1,false,Sample 2,GACH,UNKNOWN,CY5,NFQ-MGB,31.667,31.455,0.185,237.384,278.156,35.543,true,0.203,true,3,26,,39.269,0.968,-3.200,1.399,0.992,Amp,N,N,N
20240213_2,13,B1,false,Sample 2,MOA,UNKNOWN,VIC,NFQ-MGB,28.936,28.847,0.080,,,,true,0.259,true,3,23,,,,,1.366,0.963,Amp,N,N,N
20240213_2,14,B2,false,Sample 2,GACH,UNKNOWN,CY5,NFQ-MGB,31.368,31.455,0.185,294.479,278.156,35.543,true,0.203,true,3,25,,39.269,0.968,-3.200,1.406,0.990,Amp,N,N,N
20240213_2,14,B2,false,Sample 2,MOA,UNKNOWN,VIC,NFQ-MGB,28.779,28.847,0.080,,,,true,0.259,true,3,23,,,,,1.377,0.962,Amp,N,N,N
20240213_2,15,B3,false,Sample 2,GACH,UNKNOWN,CY5,NFQ-MGB,31.330,31.455,0.185,302.607,278.156,35.543,true,0.203,true,3,26,,39.269,0.968,-3.200,1.412,0.991,Amp,N,N,N
20240213_2,15,B3,false,Sample 2,MOA,UNKNOWN,VIC,NFQ-MGB,28.827,28.847,0.080,,,,true,0.259,true,3,23,,,,,1.378,0.967,Amp,N,N,N
20240213_2,16,B4,false,Sample 10,GACH,UNKNOWN,CY5,NFQ-MGB,30.218,30.189,0.041,673.393,688.114,20.306,true,0.203,true,3,24,,39.269,0.968,-3.200,1.414,0.990,Amp,N,N,N
20240213_2,16,B4,false,Sample 10,MOA,UNKNOWN,VIC,NFQ-MGB,28.829,28.808,0.078,,,,true,0.259,true,3,23,,,,,1.372,0.963,Amp,N,N,N
20240213_2,17,B5,false,Sample 10,GACH,UNKNOWN,CY5,NFQ-MGB,30.205,30.189,0.041,679.669,688.114,20.306,true,0.203,true,3,24,,39.269,0.968,-3.200,1.415,0.992,Amp,N,N,N
20240213_2,17,B5,false,Sample 10,MOA,UNKNOWN,VIC,NFQ-MGB,28.723,28.808,0.078,,,,true,0.259,true,3,23,,,,,1.370,0.964,Amp,N,N,N
20240213_2,18,B6,false,Sample 10,GACH,UNKNOWN,CY5,NFQ-MGB,30.142,30.189,0.041,711.279,688.114,20.306,true,0.203,true,3,25,,39.269,0.968,-3.200,1.419,0.991,Amp,N,N,N
20240213_2,18,B6,false,Sample 10,MOA,UNKNOWN,VIC,NFQ-MGB,28.874,28.808,0.078,,,,true,0.259,true,3,23,,,,,1.363,0.964,Amp,N,N,N
20240213_2,19,B7,false,Sample 18,GACH,UNKNOWN,CY5,NFQ-MGB,33.601,32.356,1.078,59.039,170.572,96.596,true,0.203,true,3,28,,39.269,0.968,-3.200,1.361,0.986,Amp,Y,N,N
20240213_2,19,B7,false,Sample 18,MOA,UNKNOWN,VIC,NFQ-MGB,29.658,29.195,0.401,,,,true,0.259,true,3,24,,,,,1.368,0.958,Amp,Y,N,N
20240213_2,20,B8,false,Sample 18,GACH,UNKNOWN,CY5,NFQ-MGB,31.740,32.356,1.078,225.262,170.572,96.596,true,0.203,true,3,26,,39.269,0.968,-3.200,1.418,0.992,Amp,Y,N,N
20240213_2,20,B8,false,Sample 18,MOA,UNKNOWN,VIC,NFQ-MGB,28.962,29.195,0.401,,,,true,0.259,true,3,23,,,,,1.373,0.965,Amp,Y,N,N
20240213_2,21,B9,false,Sample 18,GACH,UNKNOWN,CY5,NFQ-MGB,31.727,32.356,1.078,227.416,170.572,96.596,true,0.203,true,3,26,,39.269,0.968,-3.200,1.413,0.992,Amp,Y,N,N
20240213_2,21,B9,false,Sample 18,MOA,UNKNOWN,VIC,NFQ-MGB,28.964,29.195,0.401,,,,true,0.259,true,3,23,,,,,1.371,0.968,Amp,Y,N,N
20240213_2,22,B10,false,,GACH,STANDARD,CY5,NFQ-MGB,22.452,22.552,0.707,"200,000.000",,,true,0.203,true,3,17,,39.269,0.968,-3.200,1.427,0.993,Amp,Y,N,N
20240213_2,22,B10,false,,MOA,UNKNOWN,VIC,NFQ-MGB,29.015,29.117,0.422,,,,true,0.259,true,3,23,,,,,1.361,0.959,Amp,Y,N,N
20240213_2,23,B11,false,,GACH,STANDARD,CY5,NFQ-MGB,21.900,22.552,0.707,"200,000.000",,,true,0.203,true,3,16,,39.269,0.968,-3.200,1.414,0.995,Amp,Y,N,N
20240213_2,23,B11,false,,MOA,UNKNOWN,VIC,NFQ-MGB,28.755,29.117,0.422,,,,true,0.259,true,3,23,,,,,1.363,0.963,Amp,Y,N,N
20240213_2,24,B12,false,,GACH,STANDARD,CY5,NFQ-MGB,23.303,22.552,0.707,"200,000.000",,,true,0.203,true,3,18,,39.269,0.968,-3.200,1.397,0.992,Amp,Y,N,N
20240213_2,24,B12,false,,MOA,UNKNOWN,VIC,NFQ-MGB,29.580,29.117,0.422,,,,true,0.259,true,3,23,,,,,1.350,0.961,Amp,Y,N,N
20240213_2,25,C1,false,Sample 3,GACH,UNKNOWN,CY5,NFQ-MGB,31.028,30.901,0.112,376.106,413.068,32.700,true,0.203,true,3,26,,39.269,0.968,-3.200,1.410,0.989,Amp,N,N,N
20240213_2,25,C1,false,Sample 3,MOA,UNKNOWN,VIC,NFQ-MGB,28.726,28.652,0.110,,,,true,0.259,true,3,23,,,,,1.376,0.960,Amp,N,N,N
20240213_2,26,C2,false,Sample 3,GACH,UNKNOWN,CY5,NFQ-MGB,30.858,30.901,0.112,424.867,413.068,32.700,true,0.203,true,3,25,,39.269,0.968,-3.200,1.433,0.993,Amp,N,N,N
20240213_2,26,C2,false,Sample 3,MOA,UNKNOWN,VIC,NFQ-MGB,28.526,28.652,0.110,,,,true,0.259,true,3,23,,,,,1.395,0.964,Amp,N,N,N
20240213_2,27,C3,false,Sample 3,GACH,UNKNOWN,CY5,NFQ-MGB,30.815,30.901,0.112,438.231,413.068,32.700,true,0.203,true,3,25,,39.269,0.968,-3.200,1.427,0.992,Amp,N,N,N
20240213_2,27,C3,false,Sample 3,MOA,UNKNOWN,VIC,NFQ-MGB,28.706,28.652,0.110,,,,true,0.259,true,3,23,,,,,1.388,0.961,Amp,N,N,N
20240213_2,28,C4,false,Sample 11,GACH,UNKNOWN,CY5,NFQ-MGB,29.984,30.005,0.027,797.197,785.093,15.299,true,0.203,true,3,24,,39.269,0.968,-3.200,1.441,0.994,Amp,N,N,N
20240213_2,28,C4,false,Sample 11,MOA,UNKNOWN,VIC,NFQ-MGB,28.638,28.667,0.037,,,,true,0.259,true,3,23,,,,,1.390,0.968,Amp,N,N,N
20240213_2,29,C5,false,Sample 11,GACH,UNKNOWN,CY5,NFQ-MGB,29.996,30.005,0.027,790.185,785.093,15.299,true,0.203,true,3,24,,39.269,0.968,-3.200,1.438,0.994,Amp,N,N,N
20240213_2,29,C5,false,Sample 11,MOA,UNKNOWN,VIC,NFQ-MGB,28.654,28.667,0.037,,,,true,0.259,true,3,23,,,,,1.384,0.966,Amp,N,N,N
20240213_2,30,C6,false,Sample 11,GACH,UNKNOWN,CY5,NFQ-MGB,30.036,30.005,0.027,767.896,785.093,15.299,true,0.203,true,3,25,,39.269,0.968,-3.200,1.439,0.992,Amp,N,N,N
20240213_2,30,C6,false,Sample 11,MOA,UNKNOWN,VIC,NFQ-MGB,28.708,28.667,0.037,,,,true,0.259,true,3,23,,,,,1.382,0.967,Amp,N,N,N
20240213_2,31,C7,false,Sample 19,GACH,UNKNOWN,CY5,NFQ-MGB,31.162,31.192,0.093,341.504,334.643,22.133,true,0.203,true,3,25,,39.269,0.968,-3.200,1.435,0.990,Amp,N,N,N
20240213_2,31,C7,false,Sample 19,MOA,UNKNOWN,VIC,NFQ-MGB,28.744,28.679,0.099,,,,true,0.259,true,3,23,,,,,1.387,0.963,Amp,N,N,N
20240213_2,32,C8,false,Sample 19,GACH,UNKNOWN,CY5,NFQ-MGB,31.118,31.192,0.093,352.532,334.643,22.133,true,0.203,true,3,25,,39.269,0.968,-3.200,1.433,0.989,Amp,N,N,N
20240213_2,32,C8,false,Sample 19,MOA,UNKNOWN,VIC,NFQ-MGB,28.565,28.679,0.099,,,,true,0.259,true,3,23,,,,,1.390,0.967,Amp,N,N,N
20240213_2,33,C9,false,Sample 19,GACH,UNKNOWN,CY5,NFQ-MGB,31.297,31.192,0.093,309.892,334.643,22.133,true,0.203,true,3,26,,39.269,0.968,-3.200,1.421,0.991,Amp,N,N,N
20240213_2,33,C9,false,Sample 19,MOA,UNKNOWN,VIC,NFQ-MGB,28.727,28.679,0.099,,,,true,0.259,true,3,23,,,,,1.387,0.969,Amp,N,N,N
20240213_2,34,C10,false,,GACH,STANDARD,CY5,NFQ-MGB,24.395,24.990,0.608,"20,000.000",,,true,0.203,true,3,19,,39.269,0.968,-3.200,1.439,0.994,Amp,Y,N,N
20240213_2,34,C10,false,,MOA,UNKNOWN,VIC,NFQ-MGB,28.480,28.749,0.237,,,,true,0.259,true,3,22,,,,,1.380,0.962,Amp,Y,N,N
20240213_2,35,C11,false,,GACH,STANDARD,CY5,NFQ-MGB,24.962,24.990,0.608,"20,000.000",,,true,0.203,true,3,19,,39.269,0.968,-3.200,1.428,0.995,Amp,Y,N,N
20240213_2,35,C11,false,,MOA,UNKNOWN,VIC,NFQ-MGB,28.841,28.749,0.237,,,,true,0.259,true,3,23,,,,,1.369,0.965,Amp,Y,N,N
20240213_2,36,C12,false,,GACH,STANDARD,CY5,NFQ-MGB,25.611,24.990,0.608,"20,000.000",,,true,0.203,true,3,20,,39.269,0.968,-3.200,1.420,0.994,Amp,Y,N,N
20240213_2,36,C12,false,,MOA,UNKNOWN,VIC,NFQ-MGB,28.925,28.749,0.237,,,,true,0.259,true,3,23,,,,,1.366,0.964,Amp,Y,N,N
20240213_2,37,D1,false,Sample 4,GACH,UNKNOWN,CY5,NFQ-MGB,30.248,30.163,0.092,658.983,701.555,46.601,true,0.203,true,3,24,,39.269,0.968,-3.200,1.420,0.993,Amp,N,N,N
20240213_2,37,D1,false,Sample 4,MOA,UNKNOWN,VIC,NFQ-MGB,28.655,28.605,0.048,,,,true,0.259,true,3,23,,,,,1.388,0.963,Amp,N,N,N
20240213_2,38,D2,false,Sample 4,GACH,UNKNOWN,CY5,NFQ-MGB,30.176,30.163,0.092,694.338,701.555,46.601,true,0.203,true,3,25,,39.269,0.968,-3.200,1.441,0.992,Amp,N,N,N
20240213_2,38,D2,false,Sample 4,MOA,UNKNOWN,VIC,NFQ-MGB,28.602,28.605,0.048,,,,true,0.259,true,3,22,,,,,1.402,0.965,Amp,N,N,N
20240213_2,39,D3,false,Sample 4,GACH,UNKNOWN,CY5,NFQ-MGB,30.066,30.163,0.092,751.343,701.555,46.601,true,0.203,true,3,24,,39.269,0.968,-3.200,1.442,0.992,Amp,N,N,N
20240213_2,39,D3,false,Sample 4,MOA,UNKNOWN,VIC,NFQ-MGB,28.559,28.605,0.048,,,,true,0.259,true,3,23,,,,,1.397,0.964,Amp,N,N,N
20240213_2,40,D4,false,Sample 12,GACH,UNKNOWN,CY5,NFQ-MGB,29.897,30.091,0.302,848.792,749.182,151.582,true,0.203,true,3,24,,39.269,0.968,-3.200,1.450,0.993,Amp,N,N,N
20240213_2,40,D4,false,Sample 12,MOA,UNKNOWN,VIC,NFQ-MGB,28.586,28.547,0.057,,,,true,0.259,true,3,22,,,,,1.398,0.967,Amp,N,N,N
20240213_2,41,D5,false,Sample 12,GACH,UNKNOWN,CY5,NFQ-MGB,30.439,30.091,0.302,574.736,749.182,151.582,true,0.203,true,3,25,,39.269,0.968,-3.200,1.456,0.994,Amp,N,N,N
20240213_2,41,D5,false,Sample 12,MOA,UNKNOWN,VIC,NFQ-MGB,28.573,28.547,0.057,,,,true,0.259,true,3,23,,,,,1.400,0.967,Amp,N,N,N
20240213_2,42,D6,false,Sample 12,GACH,UNKNOWN,CY5,NFQ-MGB,29.938,30.091,0.302,824.018,749.182,151.582,true,0.203,true,3,24,,39.269,0.968,-3.200,1.456,0.995,Amp,N,N,N
20240213_2,42,D6,false,Sample 12,MOA,UNKNOWN,VIC,NFQ-MGB,28.482,28.547,0.057,,,,true,0.259,true,3,22,,,,,1.402,0.963,Amp,N,N,N
20240213_2,43,D7,false,Sample 20,GACH,UNKNOWN,CY5,NFQ-MGB,31.387,31.399,0.132,290.454,288.779,27.153,true,0.203,true,3,26,,39.269,0.968,-3.200,1.446,0.991,Amp,N,N,N
20240213_2,43,D7,false,Sample 20,MOA,UNKNOWN,VIC,NFQ-MGB,28.687,28.595,0.117,,,,true,0.259,true,3,23,,,,,1.394,0.965,Amp,N,N,N
20240213_2,44,D8,false,Sample 20,GACH,UNKNOWN,CY5,NFQ-MGB,31.537,31.399,0.132,260.828,288.779,27.153,true,0.203,true,3,26,,39.269,0.968,-3.200,1.442,0.992,Amp,N,N,N
20240213_2,44,D8,false,Sample 20,MOA,UNKNOWN,VIC,NFQ-MGB,28.634,28.595,0.117,,,,true,0.259,true,3,23,,,,,1.392,0.964,Amp,N,N,N
20240213_2,45,D9,false,Sample 20,GACH,UNKNOWN,CY5,NFQ-MGB,31.274,31.399,0.132,315.056,288.779,27.153,true,0.203,true,3,26,,39.269,0.968,-3.200,1.455,0.992,Amp,N,N,N
20240213_2,45,D9,false,Sample 20,MOA,UNKNOWN,VIC,NFQ-MGB,28.464,28.595,0.117,,,,true,0.259,true,3,23,,,,,1.405,0.967,Amp,N,N,N
20240213_2,46,D10,false,,GACH,STANDARD,CY5,NFQ-MGB,27.698,28.545,1.202,"2,000.000",,,true,0.203,true,3,22,,39.269,0.968,-3.200,1.451,0.993,Amp,Y,N,N
20240213_2,46,D10,false,,MOA,UNKNOWN,VIC,NFQ-MGB,28.496,28.856,0.542,,,,true,0.259,true,3,23,,,,,1.401,0.966,Amp,Y,N,N
20240213_2,47,D11,false,,GACH,STANDARD,CY5,NFQ-MGB,28.016,28.545,1.202,"2,000.000",,,true,0.203,true,3,23,,39.269,0.968,-3.200,1.435,0.991,Amp,Y,N,N
20240213_2,47,D11,false,,MOA,UNKNOWN,VIC,NFQ-MGB,28.593,28.856,0.542,,,,true,0.259,true,3,23,,,,,1.394,0.966,Amp,Y,N,N
20240213_2,48,D12,false,,GACH,STANDARD,CY5,NFQ-MGB,29.921,28.545,1.202,"2,000.000",,,true,0.203,true,3,24,,39.269,0.968,-3.200,1.421,0.993,Amp,Y,N,N
20240213_2,48,D12,false,,MOA,UNKNOWN,VIC,NFQ-MGB,29.480,28.856,0.542,,,,true,0.259,true,3,24,,,,,1.391,0.964,Amp,Y,N,N
20240213_2,49,E1,false,Sample 5,GACH,UNKNOWN,CY5,NFQ-MGB,30.632,30.428,0.192,500.036,582.914,79.016,true,0.203,true,3,25,,39.269,0.968,-3.200,1.433,0.993,Amp,N,N,N
20240213_2,49,E1,false,Sample 5,MOA,UNKNOWN,VIC,NFQ-MGB,28.824,28.687,0.142,,,,true,0.259,true,3,23,,,,,1.389,0.966,Amp,N,N,N
20240213_2,50,E2,false,Sample 5,GACH,UNKNOWN,CY5,NFQ-MGB,30.399,30.428,0.192,591.309,582.914,79.016,true,0.203,true,3,25,,39.269,0.968,-3.200,1.444,0.992,Amp,N,N,N
20240213_2,50,E2,false,Sample 5,MOA,UNKNOWN,VIC,NFQ-MGB,28.540,28.687,0.142,,,,true,0.259,true,3,23,,,,,1.401,0.964,Amp,N,N,N
20240213_2,51,E3,false,Sample 5,GACH,UNKNOWN,CY5,NFQ-MGB,30.252,30.428,0.192,657.397,582.914,79.016,true,0.203,true,3,25,,39.269,0.968,-3.200,1.433,0.992,Amp,N,N,N
20240213_2,51,E3,false,Sample 5,MOA,UNKNOWN,VIC,NFQ-MGB,28.697,28.687,0.142,,,,true,0.259,true,3,23,,,,,1.388,0.967,Amp,N,N,N
20240213_2,52,E4,false,Sample 13,GACH,UNKNOWN,CY5,NFQ-MGB,30.218,30.258,0.111,673.389,655.843,51.544,true,0.203,true,3,25,,39.269,0.968,-3.200,1.459,0.991,Amp,N,N,N
20240213_2,52,E4,false,Sample 13,MOA,UNKNOWN,VIC,NFQ-MGB,28.464,28.510,0.056,,,,true,0.259,true,3,23,,,,,1.406,0.967,Amp,N,N,N
20240213_2,53,E5,false,Sample 13,GACH,UNKNOWN,CY5,NFQ-MGB,30.172,30.258,0.111,696.323,655.843,51.544,true,0.203,true,3,25,,39.269,0.968,-3.200,1.471,0.991,Amp,N,N,N
20240213_2,53,E5,false,Sample 13,MOA,UNKNOWN,VIC,NFQ-MGB,28.495,28.510,0.056,,,,true,0.259,true,3,23,,,,,1.411,0.965,Amp,N,N,N
20240213_2,54,E6,false,Sample 13,GACH,UNKNOWN,CY5,NFQ-MGB,30.384,30.258,0.111,597.816,655.843,51.544,true,0.203,true,3,25,,39.269,0.968,-3.200,1.458,0.993,Amp,N,N,N
20240213_2,54,E6,false,Sample 13,MOA,UNKNOWN,VIC,NFQ-MGB,28.573,28.510,0.056,,,,true,0.259,true,3,23,,,,,1.403,0.965,Amp,N,N,N
20240213_2,55,E7,false,Sample 21,GACH,UNKNOWN,CY5,NFQ-MGB,29.796,29.836,0.199,912.399,892.833,124.789,true,0.203,true,3,24,,39.269,0.968,-3.200,1.457,0.994,Amp,N,N,N
20240213_2,55,E7,false,Sample 21,MOA,UNKNOWN,VIC,NFQ-MGB,28.615,28.627,0.033,,,,true,0.259,true,3,23,,,,,1.398,0.966,Amp,N,N,N
20240213_2,56,E8,false,Sample 21,GACH,UNKNOWN,CY5,NFQ-MGB,30.051,29.836,0.199,759.417,892.833,124.789,true,0.203,true,3,25,,39.269,0.968,-3.200,1.447,0.992,Amp,N,N,N
20240213_2,56,E8,false,Sample 21,MOA,UNKNOWN,VIC,NFQ-MGB,28.665,28.627,0.033,,,,true,0.259,true,3,23,,,,,1.392,0.966,Amp,N,N,N
20240213_2,57,E9,false,Sample 21,GACH,UNKNOWN,CY5,NFQ-MGB,29.660,29.836,0.199,"1,006.683",892.833,124.789,true,0.203,true,3,24,,39.269,0.968,-3.200,1.449,0.994,Amp,N,N,N
20240213_2,57,E9,false,Sample 21,MOA,UNKNOWN,VIC,NFQ-MGB,28.602,28.627,0.033,,,,true,0.259,true,3,23,,,,,1.392,0.964,Amp,N,N,N
20240213_2,58,E10,false,,GACH,STANDARD,CY5,NFQ-MGB,31.179,31.592,0.531,200.000,,,true,0.203,true,3,26,,39.269,0.968,-3.200,1.439,0.991,Amp,Y,N,N
20240213_2,58,E10,false,,MOA,UNKNOWN,VIC,NFQ-MGB,28.456,28.563,0.094,,,,true,0.259,true,3,23,,,,,1.406,0.965,Amp,Y,N,N
20240213_2,59,E11,false,,GACH,STANDARD,CY5,NFQ-MGB,31.406,31.592,0.531,200.000,,,true,0.203,true,3,26,,39.269,0.968,-3.200,1.438,0.992,Amp,Y,N,N
20240213_2,59,E11,false,,MOA,UNKNOWN,VIC,NFQ-MGB,28.600,28.563,0.094,,,,true,0.259,true,3,23,,,,,1.403,0.966,Amp,Y,N,N
20240213_2,60,E12,false,,GACH,STANDARD,CY5,NFQ-MGB,32.191,31.592,0.531,200.000,,,true,0.203,true,3,26,,39.269,0.968,-3.200,1.421,0.990,Amp,Y,N,N
20240213_2,60,E12,false,,MOA,UNKNOWN,VIC,NFQ-MGB,28.634,28.563,0.094,,,,true,0.259,true,3,23,,,,,1.400,0.966,Amp,Y,N,N
20240213_2,61,F1,false,Sample 6,GACH,UNKNOWN,CY5,NFQ-MGB,30.110,30.016,0.116,728.084,781.034,66.369,true,0.203,true,3,24,,39.269,0.968,-3.200,1.419,0.990,Amp,N,N,N
20240213_2,61,F1,false,Sample 6,MOA,UNKNOWN,VIC,NFQ-MGB,28.634,28.627,0.034,,,,true,0.259,true,3,23,,,,,1.386,0.965,Amp,N,N,N
20240213_2,62,F2,false,Sample 6,GACH,UNKNOWN,CY5,NFQ-MGB,30.051,30.016,0.116,759.529,781.034,66.369,true,0.203,true,3,25,,39.269,0.968,-3.200,1.439,0.992,Amp,N,N,N
20240213_2,62,F2,false,Sample 6,MOA,UNKNOWN,VIC,NFQ-MGB,28.590,28.627,0.034,,,,true,0.259,true,3,23,,,,,1.400,0.965,Amp,N,N,N
20240213_2,63,F3,false,Sample 6,GACH,UNKNOWN,CY5,NFQ-MGB,29.886,30.016,0.116,855.489,781.034,66.369,true,0.203,true,3,24,,39.269,0.968,-3.200,1.440,0.993,Amp,N,N,N
20240213_2,63,F3,false,Sample 6,MOA,UNKNOWN,VIC,NFQ-MGB,28.656,28.627,0.034,,,,true,0.259,true,3,23,,,,,1.394,0.964,Amp,N,N,N
20240213_2,64,F4,false,Sample 14,GACH,UNKNOWN,CY5,NFQ-MGB,30.598,30.453,0.129,512.575,570.273,51.600,true,0.203,true,3,25,,39.269,0.968,-3.200,1.446,0.993,Amp,N,N,N
20240213_2,64,F4,false,Sample 14,MOA,UNKNOWN,VIC,NFQ-MGB,28.561,28.527,0.031,,,,true,0.259,true,3,23,,,,,1.397,0.968,Amp,N,N,N
20240213_2,65,F5,false,Sample 14,GACH,UNKNOWN,CY5,NFQ-MGB,30.351,30.453,0.129,611.999,570.273,51.600,true,0.203,true,3,24,,39.269,0.968,-3.200,1.455,0.991,Amp,N,N,N
20240213_2,65,F5,false,Sample 14,MOA,UNKNOWN,VIC,NFQ-MGB,28.521,28.527,0.031,,,,true,0.259,true,3,22,,,,,1.401,0.966,Amp,N,N,N
20240213_2,66,F6,false,Sample 14,GACH,UNKNOWN,CY5,NFQ-MGB,30.411,30.453,0.129,586.245,570.273,51.600,true,0.203,true,3,24,,39.269,0.968,-3.200,1.467,0.994,Amp,N,N,N
20240213_2,66,F6,false,Sample 14,MOA,UNKNOWN,VIC,NFQ-MGB,28.499,28.527,0.031,,,,true,0.259,true,3,23,,,,,1.411,0.964,Amp,N,N,N
20240213_2,67,F7,false,Sample 22,GACH,UNKNOWN,CY5,NFQ-MGB,28.048,28.040,0.007,"3,210.358","3,228.446",15.871,true,0.203,true,3,23,,39.269,0.968,-3.200,1.457,0.994,Amp,N,N,N
20240213_2,67,F7,false,Sample 22,MOA,UNKNOWN,VIC,NFQ-MGB,28.644,28.606,0.033,,,,true,0.259,true,3,23,,,,,1.393,0.965,Amp,N,N,N
20240213_2,68,F8,false,Sample 22,GACH,UNKNOWN,CY5,NFQ-MGB,28.037,28.040,0.007,"3,234.935","3,228.446",15.871,true,0.203,true,3,23,,39.269,0.968,-3.200,1.457,0.993,Amp,N,N,N
20240213_2,68,F8,false,Sample 22,MOA,UNKNOWN,VIC,NFQ-MGB,28.594,28.606,0.033,,,,true,0.259,true,3,23,,,,,1.393,0.966,Amp,N,N,N
20240213_2,69,F9,false,Sample 22,GACH,UNKNOWN,CY5,NFQ-MGB,28.035,28.040,0.007,"3,240.044","3,228.446",15.871,true,0.203,true,3,23,,39.269,0.968,-3.200,1.446,0.993,Amp,N,N,N
20240213_2,69,F9,false,Sample 22,MOA,UNKNOWN,VIC,NFQ-MGB,28.581,28.606,0.033,,,,true,0.259,true,3,23,,,,,1.386,0.964,Amp,N,N,N
20240213_2,70,F10,false,,GACH,STANDARD,CY5,NFQ-MGB,34.758,35.968,2.251,20.000,,,true,0.203,true,3,29,,39.269,0.968,-3.200,1.418,0.986,Amp,Y,N,N
20240213_2,70,F10,false,,MOA,UNKNOWN,VIC,NFQ-MGB,28.408,28.699,0.417,,,,true,0.259,true,3,23,,,,,1.416,0.965,Amp,Y,N,N
20240213_2,71,F11,false,,GACH,STANDARD,CY5,NFQ-MGB,34.581,35.968,2.251,20.000,,,true,0.203,true,3,29,,39.269,0.968,-3.200,1.414,0.988,Amp,Y,N,N
20240213_2,71,F11,false,,MOA,UNKNOWN,VIC,NFQ-MGB,28.512,28.699,0.417,,,,true,0.259,true,3,23,,,,,1.413,0.965,Amp,Y,N,N
20240213_2,72,F12,false,,GACH,STANDARD,CY5,NFQ-MGB,38.566,35.968,2.251,20.000,,,true,0.203,true,3,33,,39.269,0.968,-3.200,1.099,0.576,Inconclusive,Y,N,N
20240213_2,72,F12,false,,MOA,UNKNOWN,VIC,NFQ-MGB,29.177,28.699,0.417,,,,true,0.259,true,3,23,,,,,1.412,0.964,Amp,Y,N,N
20240213_2,73,G1,false,Sample 7,GACH,UNKNOWN,CY5,NFQ-MGB,30.904,31.004,0.470,411.268,396.845,125.597,true,0.203,true,3,25,,39.269,0.968,-3.200,1.419,0.992,Amp,N,N,N
20240213_2,73,G1,false,Sample 7,MOA,UNKNOWN,VIC,NFQ-MGB,28.856,28.973,0.434,,,,true,0.259,true,3,23,,,,,1.385,0.965,Amp,N,N,N
20240213_2,74,G2,false,Sample 7,GACH,UNKNOWN,CY5,NFQ-MGB,30.592,31.004,0.470,514.609,396.845,125.597,true,0.203,true,3,25,,39.269,0.968,-3.200,1.430,0.993,Amp,N,N,N
20240213_2,74,G2,false,Sample 7,MOA,UNKNOWN,VIC,NFQ-MGB,28.609,28.973,0.434,,,,true,0.259,true,3,23,,,,,1.397,0.962,Amp,N,N,N
20240213_2,75,G3,false,Sample 7,GACH,UNKNOWN,CY5,NFQ-MGB,31.516,31.004,0.470,264.660,396.845,125.597,true,0.203,true,3,26,,39.269,0.968,-3.200,1.435,0.992,Amp,N,N,N
20240213_2,75,G3,false,Sample 7,MOA,UNKNOWN,VIC,NFQ-MGB,29.453,28.973,0.434,,,,true,0.259,true,3,23,,,,,1.406,0.953,Amp,N,N,N
20240213_2,76,G4,false,Sample 15,GACH,UNKNOWN,CY5,NFQ-MGB,29.246,29.203,0.111,"1,355.704","1,400.836",113.985,true,0.203,true,3,24,,39.269,0.968,-3.200,1.425,0.992,Amp,N,N,N
20240213_2,76,G4,false,Sample 15,MOA,UNKNOWN,VIC,NFQ-MGB,28.621,28.657,0.043,,,,true,0.259,true,3,23,,,,,1.379,0.961,Amp,N,N,N
20240213_2,77,G5,false,Sample 15,GACH,UNKNOWN,CY5,NFQ-MGB,29.287,29.203,0.111,"1,316.327","1,400.836",113.985,true,0.203,true,3,24,,39.269,0.968,-3.200,1.439,0.993,Amp,N,N,N
20240213_2,77,G5,false,Sample 15,MOA,UNKNOWN,VIC,NFQ-MGB,28.705,28.657,0.043,,,,true,0.259,true,3,23,,,,,1.390,0.961,Amp,N,N,N
20240213_2,78,G6,false,Sample 15,GACH,UNKNOWN,CY5,NFQ-MGB,29.077,29.203,0.111,"1,530.476","1,400.836",113.985,true,0.203,true,3,23,,39.269,0.968,-3.200,1.444,0.992,Amp,N,N,N
20240213_2,78,G6,false,Sample 15,MOA,UNKNOWN,VIC,NFQ-MGB,28.645,28.657,0.043,,,,true,0.259,true,3,23,,,,,1.391,0.964,Amp,N,N,N
20240213_2,79,G7,false,Sample 23,GACH,UNKNOWN,CY5,NFQ-MGB,28.241,28.326,0.079,"2,793.672","2,630.060",150.471,true,0.203,true,3,23,,39.269,0.968,-3.200,1.443,0.992,Amp,N,N,N
20240213_2,79,G7,false,Sample 23,MOA,UNKNOWN,VIC,NFQ-MGB,28.665,28.691,0.030,,,,true,0.259,true,3,23,,,,,1.386,0.966,Amp,N,N,N
20240213_2,80,G8,false,Sample 23,GACH,UNKNOWN,CY5,NFQ-MGB,28.397,28.326,0.079,"2,497.608","2,630.060",150.471,true,0.203,true,3,23,,39.269,0.968,-3.200,1.450,0.994,Amp,N,N,N
20240213_2,80,G8,false,Sample 23,MOA,UNKNOWN,VIC,NFQ-MGB,28.684,28.691,0.030,,,,true,0.259,true,3,23,,,,,1.385,0.965,Amp,N,N,N
20240213_2,81,G9,false,Sample 23,GACH,UNKNOWN,CY5,NFQ-MGB,28.341,28.326,0.079,"2,598.900","2,630.060",150.471,true,0.203,true,3,23,,39.269,0.968,-3.200,1.441,0.991,Amp,N,N,N
20240213_2,81,G9,false,Sample 23,MOA,UNKNOWN,VIC,NFQ-MGB,28.724,28.691,0.030,,,,true,0.259,true,3,23,,,,,1.379,0.966,Amp,N,N,N
20240213_2,82,G10,false,,GACH,STANDARD,CY5,NFQ-MGB,37.409,37.409,,2.000,,,true,0.203,true,3,32,,39.269,0.968,-3.200,1.216,0.964,Amp,Y,N,N
20240213_2,82,G10,false,,MOA,UNKNOWN,VIC,NFQ-MGB,28.503,29.043,0.948,,,,true,0.259,true,3,23,,,,,1.410,0.966,Amp,Y,N,N
20240213_2,83,G11,false,,GACH,STANDARD,CY5,NFQ-MGB,Undetermined,37.409,,2.000,,,true,0.203,true,3,39,,39.269,0.968,-3.200,0.000,0.000,No Amp,Y,Y,Y
20240213_2,83,G11,false,,MOA,UNKNOWN,VIC,NFQ-MGB,30.137,29.043,0.948,,,,true,0.259,true,3,24,,,,,1.411,0.954,Amp,Y,Y,Y
20240213_2,84,G12,false,,GACH,STANDARD,CY5,NFQ-MGB,Undetermined,37.409,,2.000,,,true,0.203,true,3,34,,39.269,0.968,-3.200,0.948,0.000,No Amp,Y,N,N
20240213_2,84,G12,false,,MOA,UNKNOWN,VIC,NFQ-MGB,28.489,29.043,0.948,,,,true,0.259,true,3,23,,,,,1.414,0.965,Amp,Y,N,N
20240213_2,85,H1,false,Sample 8,GACH,UNKNOWN,CY5,NFQ-MGB,29.781,29.842,0.188,922.681,888.234,116.523,true,0.203,true,3,24,,39.269,0.968,-3.200,1.410,0.992,Amp,N,N,N
20240213_2,85,H1,false,Sample 8,MOA,UNKNOWN,VIC,NFQ-MGB,28.955,28.764,0.167,,,,true,0.259,true,3,23,,,,,1.364,0.969,Amp,N,N,N
20240213_2,86,H2,false,Sample 8,GACH,UNKNOWN,CY5,NFQ-MGB,30.053,29.842,0.188,758.371,888.234,116.523,true,0.203,true,3,24,,39.269,0.968,-3.200,1.430,0.992,Amp,N,N,N
20240213_2,86,H2,false,Sample 8,MOA,UNKNOWN,VIC,NFQ-MGB,28.640,28.764,0.167,,,,true,0.259,true,3,23,,,,,1.395,0.966,Amp,N,N,N
20240213_2,87,H3,false,Sample 8,GACH,UNKNOWN,CY5,NFQ-MGB,29.692,29.842,0.188,983.650,888.234,116.523,true,0.203,true,3,24,,39.269,0.968,-3.200,1.431,0.993,Amp,N,N,N
20240213_2,87,H3,false,Sample 8,MOA,UNKNOWN,VIC,NFQ-MGB,28.698,28.764,0.167,,,,true,0.259,true,3,23,,,,,1.387,0.962,Amp,N,N,N
20240213_2,88,H4,false,Sample 16,GACH,UNKNOWN,CY5,NFQ-MGB,29.886,29.878,0.046,855.100,860.562,28.526,true,0.203,true,3,24,,39.269,0.968,-3.200,1.435,0.994,Amp,N,N,N
20240213_2,88,H4,false,Sample 16,MOA,UNKNOWN,VIC,NFQ-MGB,28.712,28.757,0.061,,,,true,0.259,true,3,23,,,,,1.388,0.964,Amp,N,N,N
20240213_2,89,H5,false,Sample 16,GACH,UNKNOWN,CY5,NFQ-MGB,29.919,29.878,0.046,835.162,860.562,28.526,true,0.203,true,3,24,,39.269,0.968,-3.200,1.431,0.993,Amp,N,N,N
20240213_2,89,H5,false,Sample 16,MOA,UNKNOWN,VIC,NFQ-MGB,28.826,28.757,0.061,,,,true,0.259,true,3,23,,,,,1.381,0.962,Amp,N,N,N
20240213_2,90,H6,false,Sample 16,GACH,UNKNOWN,CY5,NFQ-MGB,29.829,29.878,0.046,891.424,860.562,28.526,true,0.203,true,3,24,,39.269,0.968,-3.200,1.432,0.993,Amp,N,N,N
20240213_2,90,H6,false,Sample 16,MOA,UNKNOWN,VIC,NFQ-MGB,28.735,28.757,0.061,,,,true,0.259,true,3,23,,,,,1.384,0.965,Amp,N,N,N
20240213_2,91,H7,false,Sample 24,GACH,UNKNOWN,CY5,NFQ-MGB,31.262,32.428,2.511,317.861,269.119,231.365,true,0.203,true,3,26,,39.269,0.968,-3.200,1.435,0.992,Amp,Y,N,N
20240213_2,91,H7,false,Sample 24,MOA,UNKNOWN,VIC,NFQ-MGB,28.764,29.699,1.651,,,,true,0.259,true,3,23,,,,,1.395,0.967,Amp,Y,N,N
20240213_2,92,H8,false,Sample 24,GACH,UNKNOWN,CY5,NFQ-MGB,35.310,32.428,2.511,17.266,269.119,231.365,true,0.203,true,3,29,,39.269,0.968,-3.200,1.381,0.984,Amp,Y,N,N
20240213_2,92,H8,false,Sample 24,MOA,UNKNOWN,VIC,NFQ-MGB,31.605,29.699,1.651,,,,true,0.259,true,3,26,,,,,1.388,0.958,Amp,Y,N,N
20240213_2,93,H9,false,Sample 24,GACH,UNKNOWN,CY5,NFQ-MGB,30.712,32.428,2.511,472.229,269.119,231.365,true,0.203,true,3,25,,39.269,0.968,-3.200,1.438,0.992,Amp,Y,N,N
20240213_2,93,H9,false,Sample 24,MOA,UNKNOWN,VIC,NFQ-MGB,28.728,29.699,1.651,,,,true,0.259,true,3,23,,,,,1.389,0.966,Amp,Y,N,N
20240213_2,94,H10,false,,GACH,NTC,CY5,NFQ-MGB,Undetermined,,,,,,true,0.203,true,3,39,,39.269,0.968,-3.200,0.000,0.000,No Amp,Y,N,N
20240213_2,94,H10,false,,MOA,UNKNOWN,VIC,NFQ-MGB,29.983,30.331,1.864,,,,true,0.259,true,3,24,,,,,1.421,0.958,Amp,Y,N,N
20240213_2,95,H11,false,,GACH,NTC,CY5,NFQ-MGB,Undetermined,,,,,,true,0.203,true,3,39,,39.269,0.968,-3.200,0.000,0.000,No Amp,Y,N,N
20240213_2,95,H11,false,,MOA,UNKNOWN,VIC,NFQ-MGB,28.665,30.331,1.864,,,,true,0.259,true,3,23,,,,,1.406,0.966,Amp,Y,N,N
20240213_2,96,H12,false,,GACH,NTC,CY5,NFQ-MGB,Undetermined,,,,,,true,0.203,true,3,39,,39.269,0.968,-3.200,0.000,0.000,No Amp,Y,N,N
20240213_2,96,H12,false,,MOA,UNKNOWN,VIC,NFQ-MGB,32.344,30.331,1.864,,,,true,0.259,true,3,26,,,,,1.416,0.953,Amp,Y,N,N
20240213_3,1,A1,false,Sample 1,GACH,UNKNOWN,CY5,NFQ-MGB,35.150,36.270,1.179,9.993,5.284,4.331,true,0.106,true,3,31,,37.974,0.960,-2.825,1.270,0.983,Amp,Y,,
20240213_3,1,A1,false,Sample 1,MOA,UNKNOWN,VIC,NFQ-MGB,30.734,31.437,1.024,,,,true,0.243,true,3,25,,,,,1.362,0.962,Amp,Y,,
20240213_3,2,A2,false,Sample 1,GACH,UNKNOWN,CY5,NFQ-MGB,37.500,36.270,1.179,1.472,5.284,4.331,true,0.106,true,3,32,,37.974,0.960,-2.825,1.088,0.944,No Amp,Y,,
20240213_3,2,A2,false,Sample 1,MOA,UNKNOWN,VIC,NFQ-MGB,32.613,31.437,1.024,,,,true,0.243,true,3,27,,,,,1.351,0.949,Amp,Y,,
20240213_3,3,A3,false,Sample 1,GACH,UNKNOWN,CY5,NFQ-MGB,36.160,36.270,1.179,4.388,5.284,4.331,true,0.106,true,3,32,,37.974,0.960,-2.825,1.213,0.979,Amp,Y,,
20240213_3,3,A3,false,Sample 1,MOA,UNKNOWN,VIC,NFQ-MGB,30.965,31.437,1.024,,,,true,0.243,true,3,25,,,,,1.352,0.962,Amp,Y,,
20240213_3,4,A4,false,Sample 9,GACH,UNKNOWN,CY5,NFQ-MGB,36.343,35.788,0.494,3.779,6.248,2.245,true,0.106,true,3,32,,37.974,0.960,-2.825,1.200,0.964,Amp,Y,,
20240213_3,4,A4,false,Sample 9,MOA,UNKNOWN,VIC,NFQ-MGB,32.252,31.510,0.727,,,,true,0.243,true,3,26,,,,,1.365,0.953,Amp,Y,,
20240213_3,5,A5,false,Sample 9,GACH,UNKNOWN,CY5,NFQ-MGB,35.622,35.788,0.494,6.800,6.248,2.245,true,0.106,true,3,31,,37.974,0.960,-2.825,1.253,0.980,Amp,Y,,
20240213_3,5,A5,false,Sample 9,MOA,UNKNOWN,VIC,NFQ-MGB,31.478,31.510,0.727,,,,true,0.243,true,3,26,,,,,1.360,0.959,Amp,Y,,
20240213_3,6,A6,false,Sample 9,GACH,UNKNOWN,CY5,NFQ-MGB,35.398,35.788,0.494,8.166,6.248,2.245,true,0.106,true,3,31,,37.974,0.960,-2.825,1.265,0.984,Amp,Y,,
20240213_3,6,A6,false,Sample 9,MOA,UNKNOWN,VIC,NFQ-MGB,30.799,31.510,0.727,,,,true,0.243,true,3,25,,,,,1.371,0.964,Amp,Y,,
20240213_3,7,A7,false,Sample 17,GACH,UNKNOWN,CY5,NFQ-MGB,35.047,34.577,0.547,10.871,17.067,7.935,true,0.106,true,3,30,,37.974,0.960,-2.825,1.303,0.983,Amp,Y,,
20240213_3,7,A7,false,Sample 17,MOA,UNKNOWN,VIC,NFQ-MGB,30.485,30.060,0.505,,,,true,0.243,true,3,25,,,,,1.373,0.959,Amp,Y,,
20240213_3,8,A8,false,Sample 17,GACH,UNKNOWN,CY5,NFQ-MGB,33.976,34.577,0.547,26.010,17.067,7.935,true,0.106,true,3,29,,37.974,0.960,-2.825,1.384,0.992,Amp,Y,,
20240213_3,8,A8,false,Sample 17,MOA,UNKNOWN,VIC,NFQ-MGB,29.501,30.060,0.505,,,,true,0.243,true,3,24,,,,,1.378,0.967,Amp,Y,,
20240213_3,9,A9,false,Sample 17,GACH,UNKNOWN,CY5,NFQ-MGB,34.708,34.577,0.547,14.320,17.067,7.935,true,0.106,true,3,30,,37.974,0.960,-2.825,1.306,0.987,Amp,Y,,
20240213_3,9,A9,false,Sample 17,MOA,UNKNOWN,VIC,NFQ-MGB,30.193,30.060,0.505,,,,true,0.243,true,3,25,,,,,1.380,0.963,Amp,Y,,
20240213_3,10,A10,false,,GACH,STANDARD,CY5,NFQ-MGB,21.030,20.731,1.048,"2,000,000.000",,,true,0.106,true,3,16,,37.974,0.960,-2.825,1.409,0.993,Amp,Y,,
20240213_3,10,A10,false,,MOA,UNKNOWN,VIC,NFQ-MGB,31.188,30.910,0.781,,,,true,0.243,true,3,25,,,,,1.340,0.956,Amp,Y,,
20240213_3,11,A11,false,,GACH,STANDARD,CY5,NFQ-MGB,19.566,20.731,1.048,"2,000,000.000",,,true,0.106,true,3,15,,37.974,0.960,-2.825,1.378,0.995,Amp,Y,,
20240213_3,11,A11,false,,MOA,UNKNOWN,VIC,NFQ-MGB,30.029,30.910,0.781,,,,true,0.243,true,3,24,,,,,1.336,0.957,Amp,Y,,
20240213_3,12,A12,false,,GACH,STANDARD,CY5,NFQ-MGB,21.597,20.731,1.048,"2,000,000.000",,,true,0.106,true,3,17,,37.974,0.960,-2.825,1.392,0.994,Amp,Y,,
20240213_3,12,A12,false,,MOA,UNKNOWN,VIC,NFQ-MGB,31.515,30.910,0.781,,,,true,0.243,true,3,26,,,,,1.355,0.957,Amp,Y,,
20240213_3,13,B1,false,Sample 2,GACH,UNKNOWN,CY5,NFQ-MGB,31.447,31.051,0.483,204.362,297.766,123.467,true,0.106,true,3,27,,37.974,0.960,-2.825,1.386,0.993,Amp,N,,
20240213_3,13,B1,false,Sample 2,MOA,UNKNOWN,VIC,NFQ-MGB,29.356,29.127,0.207,,,,true,0.243,true,3,23,,,,,1.370,0.961,Amp,N,,
20240213_3,14,B2,false,Sample 2,GACH,UNKNOWN,CY5,NFQ-MGB,30.512,31.051,0.483,437.747,297.766,123.467,true,0.106,true,3,26,,37.974,0.960,-2.825,1.391,0.994,Amp,N,,
20240213_3,14,B2,false,Sample 2,MOA,UNKNOWN,VIC,NFQ-MGB,29.070,29.127,0.207,,,,true,0.243,true,3,23,,,,,1.365,0.952,Amp,N,,
20240213_3,15,B3,false,Sample 2,GACH,UNKNOWN,CY5,NFQ-MGB,31.194,31.051,0.483,251.190,297.766,123.467,true,0.106,true,3,26,,37.974,0.960,-2.825,1.409,0.993,Amp,N,,
20240213_3,15,B3,false,Sample 2,MOA,UNKNOWN,VIC,NFQ-MGB,28.954,29.127,0.207,,,,true,0.243,true,3,23,,,,,1.373,0.967,Amp,N,,
20240213_3,16,B4,false,Sample 10,GACH,UNKNOWN,CY5,NFQ-MGB,31.778,32.065,0.373,155.981,127.192,35.472,true,0.106,true,3,27,,37.974,0.960,-2.825,1.414,0.993,Amp,N,,
20240213_3,16,B4,false,Sample 10,MOA,UNKNOWN,VIC,NFQ-MGB,28.935,29.109,0.159,,,,true,0.243,true,3,23,,,,,1.373,0.969,Amp,N,,
20240213_3,17,B5,false,Sample 10,GACH,UNKNOWN,CY5,NFQ-MGB,32.487,32.065,0.373,87.565,127.192,35.472,true,0.106,true,3,28,,37.974,0.960,-2.825,1.401,0.991,Amp,N,,
20240213_3,17,B5,false,Sample 10,MOA,UNKNOWN,VIC,NFQ-MGB,29.247,29.109,0.159,,,,true,0.243,true,3,24,,,,,1.376,0.960,Amp,N,,
20240213_3,18,B6,false,Sample 10,GACH,UNKNOWN,CY5,NFQ-MGB,31.928,32.065,0.373,138.031,127.192,35.472,true,0.106,true,3,27,,37.974,0.960,-2.825,1.405,0.992,Amp,N,,
20240213_3,18,B6,false,Sample 10,MOA,UNKNOWN,VIC,NFQ-MGB,29.144,29.109,0.159,,,,true,0.243,true,3,23,,,,,1.363,0.956,Amp,N,,
20240213_3,19,B7,false,Sample 18,GACH,UNKNOWN,CY5,NFQ-MGB,34.143,32.960,1.139,22.709,77.234,61.990,true,0.106,true,3,29,,37.974,0.960,-2.825,1.303,0.985,Amp,Y,,
20240213_3,19,B7,false,Sample 18,MOA,UNKNOWN,VIC,NFQ-MGB,30.663,29.719,0.863,,,,true,0.243,true,3,25,,,,,1.362,0.954,Amp,Y,,
20240213_3,20,B8,false,Sample 18,GACH,UNKNOWN,CY5,NFQ-MGB,31.871,32.960,1.139,144.660,77.234,61.990,true,0.106,true,3,27,,37.974,0.960,-2.825,1.405,0.992,Amp,Y,,
20240213_3,20,B8,false,Sample 18,MOA,UNKNOWN,VIC,NFQ-MGB,28.971,29.719,0.863,,,,true,0.243,true,3,23,,,,,1.369,0.966,Amp,Y,,
20240213_3,21,B9,false,Sample 18,GACH,UNKNOWN,CY5,NFQ-MGB,32.865,32.960,1.139,64.333,77.234,61.990,true,0.106,true,3,28,,37.974,0.960,-2.825,1.403,0.993,Amp,Y,,
20240213_3,21,B9,false,Sample 18,MOA,UNKNOWN,VIC,NFQ-MGB,29.522,29.719,0.863,,,,true,0.243,true,3,24,,,,,1.383,0.966,Amp,Y,,
20240213_3,22,B10,false,,GACH,STANDARD,CY5,NFQ-MGB,21.977,22.931,1.431,"200,000.000",,,true,0.106,true,3,18,,37.974,0.960,-2.825,1.418,0.995,Amp,Y,,
20240213_3,22,B10,false,,MOA,UNKNOWN,VIC,NFQ-MGB,29.178,29.758,1.028,,,,true,0.243,true,3,23,,,,,1.369,0.960,Amp,Y,,
20240213_3,23,B11,false,,GACH,STANDARD,CY5,NFQ-MGB,22.238,22.931,1.431,"200,000.000",,,true,0.106,true,3,18,,37.974,0.960,-2.825,1.405,0.994,Amp,Y,,
20240213_3,23,B11,false,,MOA,UNKNOWN,VIC,NFQ-MGB,29.150,29.758,1.028,,,,true,0.243,true,3,23,,,,,1.365,0.958,Amp,Y,,
20240213_3,24,B12,false,,GACH,STANDARD,CY5,NFQ-MGB,24.576,22.931,1.431,"200,000.000",,,true,0.106,true,3,20,,37.974,0.960,-2.825,1.398,0.995,Amp,Y,,
20240213_3,24,B12,false,,MOA,UNKNOWN,VIC,NFQ-MGB,30.944,29.758,1.028,,,,true,0.243,true,3,25,,,,,1.346,0.960,Amp,Y,,
20240213_3,25,C1,false,Sample 3,GACH,UNKNOWN,CY5,NFQ-MGB,30.983,30.573,0.401,298.177,431.375,137.505,true,0.106,true,3,27,,37.974,0.960,-2.825,1.398,0.996,Amp,N,,
20240213_3,25,C1,false,Sample 3,MOA,UNKNOWN,VIC,NFQ-MGB,28.963,28.784,0.173,,,,true,0.243,true,3,23,,,,,1.366,0.962,Amp,N,,
20240213_3,26,C2,false,Sample 3,GACH,UNKNOWN,CY5,NFQ-MGB,30.554,30.573,0.401,423.131,431.375,137.505,true,0.106,true,3,26,,37.974,0.960,-2.825,1.427,0.994,Amp,N,,
20240213_3,26,C2,false,Sample 3,MOA,UNKNOWN,VIC,NFQ-MGB,28.618,28.784,0.173,,,,true,0.243,true,3,23,,,,,1.390,0.963,Amp,N,,
20240213_3,27,C3,false,Sample 3,GACH,UNKNOWN,CY5,NFQ-MGB,30.182,30.573,0.401,572.817,431.375,137.505,true,0.106,true,3,25,,37.974,0.960,-2.825,1.422,0.993,Amp,N,,
20240213_3,27,C3,false,Sample 3,MOA,UNKNOWN,VIC,NFQ-MGB,28.771,28.784,0.173,,,,true,0.243,true,3,23,,,,,1.386,0.961,Amp,N,,
20240213_3,28,C4,false,Sample 11,GACH,UNKNOWN,CY5,NFQ-MGB,31.147,31.425,0.242,260.878,210.841,43.498,true,0.106,true,3,26,,37.974,0.960,-2.825,1.432,0.995,Amp,N,,
20240213_3,28,C4,false,Sample 11,MOA,UNKNOWN,VIC,NFQ-MGB,28.646,28.753,0.104,,,,true,0.243,true,3,23,,,,,1.391,0.967,Amp,N,,
20240213_3,29,C5,false,Sample 11,GACH,UNKNOWN,CY5,NFQ-MGB,31.589,31.425,0.242,182.042,210.841,43.498,true,0.106,true,3,27,,37.974,0.960,-2.825,1.432,0.994,Amp,N,,
20240213_3,29,C5,false,Sample 11,MOA,UNKNOWN,VIC,NFQ-MGB,28.853,28.753,0.104,,,,true,0.243,true,3,23,,,,,1.383,0.967,Amp,N,,
20240213_3,30,C6,false,Sample 11,GACH,UNKNOWN,CY5,NFQ-MGB,31.539,31.425,0.242,189.604,210.841,43.498,true,0.106,true,3,27,,37.974,0.960,-2.825,1.440,0.994,Amp,N,,
20240213_3,30,C6,false,Sample 11,MOA,UNKNOWN,VIC,NFQ-MGB,28.761,28.753,0.104,,,,true,0.243,true,3,23,,,,,1.386,0.968,Amp,N,,
20240213_3,31,C7,false,Sample 19,GACH,UNKNOWN,CY5,NFQ-MGB,31.278,31.623,0.758,234.573,197.693,97.420,true,0.106,true,3,27,,37.974,0.960,-2.825,1.422,0.993,Amp,Y,,
20240213_3,31,C7,false,Sample 19,MOA,UNKNOWN,VIC,NFQ-MGB,28.770,28.925,0.413,,,,true,0.243,true,3,23,,,,,1.385,0.970,Amp,Y,,
20240213_3,32,C8,false,Sample 19,GACH,UNKNOWN,CY5,NFQ-MGB,31.099,31.623,0.758,271.290,197.693,97.420,true,0.106,true,3,27,,37.974,0.960,-2.825,1.422,0.992,Amp,Y,,
20240213_3,32,C8,false,Sample 19,MOA,UNKNOWN,VIC,NFQ-MGB,28.611,28.925,0.413,,,,true,0.243,true,3,23,,,,,1.389,0.965,Amp,Y,,
20240213_3,33,C9,false,Sample 19,GACH,UNKNOWN,CY5,NFQ-MGB,32.492,31.623,0.758,87.218,197.693,97.420,true,0.106,true,3,28,,37.974,0.960,-2.825,1.413,0.993,Amp,Y,,
20240213_3,33,C9,false,Sample 19,MOA,UNKNOWN,VIC,NFQ-MGB,29.393,28.925,0.413,,,,true,0.243,true,3,24,,,,,1.393,0.965,Amp,Y,,
20240213_3,34,C10,false,,GACH,STANDARD,CY5,NFQ-MGB,24.719,25.343,0.621,"20,000.000",,,true,0.106,true,3,20,,37.974,0.960,-2.825,1.425,0.995,Amp,Y,,
20240213_3,34,C10,false,,MOA,UNKNOWN,VIC,NFQ-MGB,28.896,29.212,0.294,,,,true,0.243,true,3,23,,,,,1.371,0.965,Amp,Y,,
20240213_3,35,C11,false,,GACH,STANDARD,CY5,NFQ-MGB,25.349,25.343,0.621,"20,000.000",,,true,0.106,true,3,21,,37.974,0.960,-2.825,1.427,0.994,Amp,Y,,
20240213_3,35,C11,false,,MOA,UNKNOWN,VIC,NFQ-MGB,29.260,29.212,0.294,,,,true,0.243,true,3,23,,,,,1.376,0.961,Amp,Y,,
20240213_3,36,C12,false,,GACH,STANDARD,CY5,NFQ-MGB,25.962,25.343,0.621,"20,000.000",,,true,0.106,true,3,21,,37.974,0.960,-2.825,1.411,0.996,Amp,Y,,
20240213_3,36,C12,false,,MOA,UNKNOWN,VIC,NFQ-MGB,29.479,29.212,0.294,,,,true,0.243,true,3,23,,,,,1.372,0.964,Amp,Y,,
20240213_3,37,D1,false,Sample 4,GACH,UNKNOWN,CY5,NFQ-MGB,34.117,33.145,0.843,23.193,58.530,30.745,true,0.106,true,3,30,,37.974,0.960,-2.825,1.383,0.988,Amp,Y,,
20240213_3,37,D1,false,Sample 4,MOA,UNKNOWN,VIC,NFQ-MGB,28.832,28.676,0.161,,,,true,0.243,true,3,23,,,,,1.387,0.965,Amp,Y,,
20240213_3,38,D2,false,Sample 4,GACH,UNKNOWN,CY5,NFQ-MGB,32.611,33.145,0.843,79.151,58.530,30.745,true,0.106,true,3,28,,37.974,0.960,-2.825,1.411,0.991,Amp,Y,,
20240213_3,38,D2,false,Sample 4,MOA,UNKNOWN,VIC,NFQ-MGB,28.510,28.676,0.161,,,,true,0.243,true,3,23,,,,,1.409,0.961,Amp,Y,,
20240213_3,39,D3,false,Sample 4,GACH,UNKNOWN,CY5,NFQ-MGB,32.706,33.145,0.843,73.246,58.530,30.745,true,0.106,true,3,28,,37.974,0.960,-2.825,1.424,0.991,Amp,Y,,
20240213_3,39,D3,false,Sample 4,MOA,UNKNOWN,VIC,NFQ-MGB,28.686,28.676,0.161,,,,true,0.243,true,3,23,,,,,1.399,0.963,Amp,Y,,
20240213_3,40,D4,false,Sample 12,GACH,UNKNOWN,CY5,NFQ-MGB,31.298,31.447,0.255,230.697,207.207,40.279,true,0.106,true,3,26,,37.974,0.960,-2.825,1.453,0.994,Amp,N,,
20240213_3,40,D4,false,Sample 12,MOA,UNKNOWN,VIC,NFQ-MGB,28.566,28.607,0.039,,,,true,0.243,true,3,23,,,,,1.401,0.969,Amp,N,,
20240213_3,41,D5,false,Sample 12,GACH,UNKNOWN,CY5,NFQ-MGB,31.742,31.447,0.255,160.697,207.207,40.279,true,0.106,true,3,27,,37.974,0.960,-2.825,1.446,0.995,Amp,N,,
20240213_3,41,D5,false,Sample 12,MOA,UNKNOWN,VIC,NFQ-MGB,28.643,28.607,0.039,,,,true,0.243,true,3,23,,,,,1.400,0.966,Amp,N,,
20240213_3,42,D6,false,Sample 12,GACH,UNKNOWN,CY5,NFQ-MGB,31.301,31.447,0.255,230.226,207.207,40.279,true,0.106,true,3,27,,37.974,0.960,-2.825,1.420,0.991,Amp,N,,
20240213_3,42,D6,false,Sample 12,MOA,UNKNOWN,VIC,NFQ-MGB,28.611,28.607,0.039,,,,true,0.243,true,3,23,,,,,1.396,0.960,Amp,N,,
20240213_3,43,D7,false,Sample 20,GACH,UNKNOWN,CY5,NFQ-MGB,31.048,31.413,0.332,282.787,215.443,60.308,true,0.106,true,3,26,,37.974,0.960,-2.825,1.434,0.992,Amp,N,,
20240213_3,43,D7,false,Sample 20,MOA,UNKNOWN,VIC,NFQ-MGB,28.620,28.760,0.130,,,,true,0.243,true,3,23,,,,,1.394,0.967,Amp,N,,
20240213_3,44,D8,false,Sample 20,GACH,UNKNOWN,CY5,NFQ-MGB,31.491,31.413,0.332,197.124,215.443,60.308,true,0.106,true,3,27,,37.974,0.960,-2.825,1.437,0.993,Amp,N,,
20240213_3,44,D8,false,Sample 20,MOA,UNKNOWN,VIC,NFQ-MGB,28.877,28.760,0.130,,,,true,0.243,true,3,23,,,,,1.390,0.968,Amp,N,,
20240213_3,45,D9,false,Sample 20,GACH,UNKNOWN,CY5,NFQ-MGB,31.699,31.413,0.332,166.419,215.443,60.308,true,0.106,true,3,27,,37.974,0.960,-2.825,1.441,0.994,Amp,N,,
20240213_3,45,D9,false,Sample 20,MOA,UNKNOWN,VIC,NFQ-MGB,28.783,28.760,0.130,,,,true,0.243,true,3,23,,,,,1.399,0.969,Amp,N,,
20240213_3,46,D10,false,,GACH,STANDARD,CY5,NFQ-MGB,27.714,28.218,0.881,"2,000.000",,,true,0.106,true,3,23,,37.974,0.960,-2.825,1.444,0.995,Amp,Y,,
20240213_3,46,D10,false,,MOA,UNKNOWN,VIC,NFQ-MGB,28.504,28.763,0.451,,,,true,0.243,true,3,22,,,,,1.398,0.967,Amp,Y,,
20240213_3,47,D11,false,,GACH,STANDARD,CY5,NFQ-MGB,27.705,28.218,0.881,"2,000.000",,,true,0.106,true,3,23,,37.974,0.960,-2.825,1.435,0.996,Amp,Y,,
20240213_3,47,D11,false,,MOA,UNKNOWN,VIC,NFQ-MGB,28.502,28.763,0.451,,,,true,0.243,true,3,23,,,,,1.396,0.968,Amp,Y,,
20240213_3,48,D12,false,,GACH,STANDARD,CY5,NFQ-MGB,29.235,28.218,0.881,"2,000.000",,,true,0.106,true,3,25,,37.974,0.960,-2.825,1.415,0.994,Amp,Y,,
20240213_3,48,D12,false,,MOA,UNKNOWN,VIC,NFQ-MGB,29.284,28.763,0.451,,,,true,0.243,true,3,24,,,,,1.394,0.962,Amp,Y,,
20240213_3,49,E1,false,Sample 5,GACH,UNKNOWN,CY5,NFQ-MGB,33.631,33.134,0.501,34.450,54.609,21.931,true,0.106,true,3,29,,37.974,0.960,-2.825,1.403,0.991,Amp,Y,,
20240213_3,49,E1,false,Sample 5,MOA,UNKNOWN,VIC,NFQ-MGB,28.868,28.779,0.290,,,,true,0.243,true,3,23,,,,,1.393,0.966,Amp,Y,,
20240213_3,50,E2,false,Sample 5,GACH,UNKNOWN,CY5,NFQ-MGB,32.629,33.134,0.501,77.961,54.609,21.931,true,0.106,true,3,28,,37.974,0.960,-2.825,1.431,0.994,Amp,Y,,
20240213_3,50,E2,false,Sample 5,MOA,UNKNOWN,VIC,NFQ-MGB,28.454,28.779,0.290,,,,true,0.243,true,3,22,,,,,1.408,0.967,Amp,Y,,
20240213_3,51,E3,false,Sample 5,GACH,UNKNOWN,CY5,NFQ-MGB,33.140,33.134,0.501,51.416,54.609,21.931,true,0.106,true,3,28,,37.974,0.960,-2.825,1.419,0.991,Amp,Y,,
20240213_3,51,E3,false,Sample 5,MOA,UNKNOWN,VIC,NFQ-MGB,29.013,28.779,0.290,,,,true,0.243,true,3,23,,,,,1.399,0.964,Amp,Y,,
20240213_3,52,E4,false,Sample 13,GACH,UNKNOWN,CY5,NFQ-MGB,30.359,30.146,0.322,495.902,604.381,167.885,true,0.106,true,3,25,,37.974,0.960,-2.825,1.447,0.994,Amp,N,,
20240213_3,52,E4,false,Sample 13,MOA,UNKNOWN,VIC,NFQ-MGB,28.687,28.641,0.146,,,,true,0.243,true,3,23,,,,,1.401,0.968,Amp,N,,
20240213_3,53,E5,false,Sample 13,GACH,UNKNOWN,CY5,NFQ-MGB,30.302,30.146,0.322,519.481,604.381,167.885,true,0.106,true,3,26,,37.974,0.960,-2.825,1.450,0.994,Amp,N,,
20240213_3,53,E5,false,Sample 13,MOA,UNKNOWN,VIC,NFQ-MGB,28.759,28.641,0.146,,,,true,0.243,true,3,23,,,,,1.402,0.962,Amp,N,,
20240213_3,54,E6,false,Sample 13,GACH,UNKNOWN,CY5,NFQ-MGB,29.776,30.146,0.322,797.759,604.381,167.885,true,0.106,true,3,25,,37.974,0.960,-2.825,1.446,0.995,Amp,N,,
20240213_3,54,E6,false,Sample 13,MOA,UNKNOWN,VIC,NFQ-MGB,28.477,28.641,0.146,,,,true,0.243,true,3,23,,,,,1.402,0.962,Amp,N,,
20240213_3,55,E7,false,Sample 21,GACH,UNKNOWN,CY5,NFQ-MGB,30.804,30.914,0.100,345.070,316.276,26.150,true,0.106,true,3,26,,37.974,0.960,-2.825,1.448,0.994,Amp,N,,
20240213_3,55,E7,false,Sample 21,MOA,UNKNOWN,VIC,NFQ-MGB,28.596,28.592,0.010,,,,true,0.243,true,3,23,,,,,1.402,0.968,Amp,N,,
20240213_3,56,E8,false,Sample 21,GACH,UNKNOWN,CY5,NFQ-MGB,31.001,30.914,0.100,294.006,316.276,26.150,true,0.106,true,3,27,,37.974,0.960,-2.825,1.441,0.992,Amp,N,,
20240213_3,56,E8,false,Sample 21,MOA,UNKNOWN,VIC,NFQ-MGB,28.581,28.592,0.010,,,,true,0.243,true,3,23,,,,,1.399,0.968,Amp,N,,
20240213_3,57,E9,false,Sample 21,GACH,UNKNOWN,CY5,NFQ-MGB,30.937,30.914,0.100,309.751,316.276,26.150,true,0.106,true,3,26,,37.974,0.960,-2.825,1.429,0.993,Amp,N,,
20240213_3,57,E9,false,Sample 21,MOA,UNKNOWN,VIC,NFQ-MGB,28.600,28.592,0.010,,,,true,0.243,true,3,23,,,,,1.395,0.962,Amp,N,,
20240213_3,58,E10,false,,GACH,STANDARD,CY5,NFQ-MGB,30.613,31.248,0.965,200.000,,,true,0.106,true,3,26,,37.974,0.960,-2.825,1.442,0.995,Amp,Y,,
20240213_3,58,E10,false,,MOA,UNKNOWN,VIC,NFQ-MGB,28.394,28.620,0.334,,,,true,0.243,true,3,22,,,,,1.406,0.963,Amp,Y,,
20240213_3,59,E11,false,,GACH,STANDARD,CY5,NFQ-MGB,30.773,31.248,0.965,200.000,,,true,0.106,true,3,26,,37.974,0.960,-2.825,1.431,0.995,Amp,Y,,
20240213_3,59,E11,false,,MOA,UNKNOWN,VIC,NFQ-MGB,28.463,28.620,0.334,,,,true,0.243,true,3,23,,,,,1.403,0.967,Amp,Y,,
20240213_3,60,E12,false,,GACH,STANDARD,CY5,NFQ-MGB,32.358,31.248,0.965,200.000,,,true,0.106,true,3,28,,37.974,0.960,-2.825,1.415,0.992,Amp,Y,,
20240213_3,60,E12,false,,MOA,UNKNOWN,VIC,NFQ-MGB,29.004,28.620,0.334,,,,true,0.243,true,3,23,,,,,1.406,0.963,Amp,Y,,
20240213_3,61,F1,false,Sample 6,GACH,UNKNOWN,CY5,NFQ-MGB,33.727,33.265,0.400,31.873,48.003,13.969,true,0.106,true,3,28,,37.974,0.960,-2.825,1.390,0.991,Amp,N,,
20240213_3,61,F1,false,Sample 6,MOA,UNKNOWN,VIC,NFQ-MGB,28.941,28.764,0.156,,,,true,0.243,true,3,23,,,,,1.387,0.966,Amp,N,,
20240213_3,62,F2,false,Sample 6,GACH,UNKNOWN,CY5,NFQ-MGB,33.034,33.265,0.400,56.057,48.003,13.969,true,0.106,true,3,28,,37.974,0.960,-2.825,1.425,0.991,Amp,N,,
20240213_3,62,F2,false,Sample 6,MOA,UNKNOWN,VIC,NFQ-MGB,28.645,28.764,0.156,,,,true,0.243,true,3,23,,,,,1.406,0.966,Amp,N,,
20240213_3,63,F3,false,Sample 6,GACH,UNKNOWN,CY5,NFQ-MGB,33.034,33.265,0.400,56.079,48.003,13.969,true,0.106,true,3,28,,37.974,0.960,-2.825,1.407,0.991,Amp,N,,
20240213_3,63,F3,false,Sample 6,MOA,UNKNOWN,VIC,NFQ-MGB,28.706,28.764,0.156,,,,true,0.243,true,3,23,,,,,1.396,0.963,Amp,N,,
20240213_3,64,F4,false,Sample 14,GACH,UNKNOWN,CY5,NFQ-MGB,30.891,30.531,0.322,321.628,440.733,108.666,true,0.106,true,3,26,,37.974,0.960,-2.825,1.432,0.994,Amp,N,,
20240213_3,64,F4,false,Sample 14,MOA,UNKNOWN,VIC,NFQ-MGB,28.950,28.696,0.224,,,,true,0.243,true,3,23,,,,,1.404,0.967,Amp,N,,
20240213_3,65,F5,false,Sample 14,GACH,UNKNOWN,CY5,NFQ-MGB,30.267,30.531,0.322,534.473,440.733,108.666,true,0.106,true,3,26,,37.974,0.960,-2.825,1.437,0.994,Amp,N,,
20240213_3,65,F5,false,Sample 14,MOA,UNKNOWN,VIC,NFQ-MGB,28.526,28.696,0.224,,,,true,0.243,true,3,23,,,,,1.402,0.965,Amp,N,,
20240213_3,66,F6,false,Sample 14,GACH,UNKNOWN,CY5,NFQ-MGB,30.435,30.531,0.322,466.100,440.733,108.666,true,0.106,true,3,26,,37.974,0.960,-2.825,1.454,0.995,Amp,N,,
20240213_3,66,F6,false,Sample 14,MOA,UNKNOWN,VIC,NFQ-MGB,28.611,28.696,0.224,,,,true,0.243,true,3,23,,,,,1.412,0.965,Amp,N,,
20240213_3,67,F7,false,Sample 22,GACH,UNKNOWN,CY5,NFQ-MGB,30.791,30.779,0.027,348.937,352.200,7.756,true,0.106,true,3,26,,37.974,0.960,-2.825,1.455,0.994,Amp,N,,
20240213_3,67,F7,false,Sample 22,MOA,UNKNOWN,VIC,NFQ-MGB,28.529,28.536,0.087,,,,true,0.243,true,3,23,,,,,1.410,0.968,Amp,N,,
20240213_3,68,F8,false,Sample 22,GACH,UNKNOWN,CY5,NFQ-MGB,30.799,30.779,0.027,346.609,352.200,7.756,true,0.106,true,3,27,,37.974,0.960,-2.825,1.449,0.995,Amp,N,,
20240213_3,68,F8,false,Sample 22,MOA,UNKNOWN,VIC,NFQ-MGB,28.453,28.536,0.087,,,,true,0.243,true,3,22,,,,,1.407,0.967,Amp,N,,
20240213_3,69,F9,false,Sample 22,GACH,UNKNOWN,CY5,NFQ-MGB,30.749,30.779,0.027,361.055,352.200,7.756,true,0.106,true,3,26,,37.974,0.960,-2.825,1.436,0.995,Amp,N,,
20240213_3,69,F9,false,Sample 22,MOA,UNKNOWN,VIC,NFQ-MGB,28.627,28.536,0.087,,,,true,0.243,true,3,23,,,,,1.401,0.962,Amp,N,,
20240213_3,70,F10,false,,GACH,STANDARD,CY5,NFQ-MGB,34.232,34.942,1.306,20.000,,,true,0.106,true,3,29,,37.974,0.960,-2.825,1.392,0.988,Amp,Y,,
20240213_3,70,F10,false,,MOA,UNKNOWN,VIC,NFQ-MGB,28.345,28.645,0.432,,,,true,0.243,true,3,22,,,,,1.415,0.965,Amp,Y,,
20240213_3,71,F11,false,,GACH,STANDARD,CY5,NFQ-MGB,34.145,34.942,1.306,20.000,,,true,0.106,true,3,29,,37.974,0.960,-2.825,1.390,0.988,Amp,Y,,
20240213_3,71,F11,false,,MOA,UNKNOWN,VIC,NFQ-MGB,28.448,28.645,0.432,,,,true,0.243,true,3,22,,,,,1.410,0.964,Amp,Y,,
20240213_3,72,F12,false,,GACH,STANDARD,CY5,NFQ-MGB,36.449,34.942,1.306,20.000,,,true,0.106,true,3,31,,37.974,0.960,-2.825,1.207,0.979,Amp,Y,,
20240213_3,72,F12,false,,MOA,UNKNOWN,VIC,NFQ-MGB,29.140,28.645,0.432,,,,true,0.243,true,3,23,,,,,1.413,0.965,Amp,Y,,
20240213_3,73,G1,false,Sample 7,GACH,UNKNOWN,CY5,NFQ-MGB,33.741,33.972,0.887,31.519,30.441,18.176,true,0.106,true,3,29,,37.974,0.960,-2.825,1.388,0.992,Amp,Y,,
20240213_3,73,G1,false,Sample 7,MOA,UNKNOWN,VIC,NFQ-MGB,28.928,29.537,1.272,,,,true,0.243,true,3,23,,,,,1.385,0.967,Amp,Y,,
20240213_3,74,G2,false,Sample 7,GACH,UNKNOWN,CY5,NFQ-MGB,33.223,33.972,0.887,48.054,30.441,18.176,true,0.106,true,3,28,,37.974,0.960,-2.825,1.382,0.992,Amp,Y,,
20240213_3,74,G2,false,Sample 7,MOA,UNKNOWN,VIC,NFQ-MGB,28.684,29.537,1.272,,,,true,0.243,true,3,22,,,,,1.399,0.961,Amp,Y,,
20240213_3,75,G3,false,Sample 7,GACH,UNKNOWN,CY5,NFQ-MGB,34.951,33.972,0.887,11.750,30.441,18.176,true,0.106,true,3,30,,37.974,0.960,-2.825,1.220,0.967,Amp,Y,,
20240213_3,75,G3,false,Sample 7,MOA,UNKNOWN,VIC,NFQ-MGB,30.999,29.537,1.272,,,,true,0.243,true,3,25,,,,,1.383,0.937,Amp,Y,,
20240213_3,76,G4,false,Sample 15,GACH,UNKNOWN,CY5,NFQ-MGB,31.156,30.967,0.167,259.038,304.102,40.067,true,0.106,true,3,26,,37.974,0.960,-2.825,1.415,0.992,Amp,N,,
20240213_3,76,G4,false,Sample 15,MOA,UNKNOWN,VIC,NFQ-MGB,28.609,28.620,0.013,,,,true,0.243,true,3,23,,,,,1.391,0.962,Amp,N,,
20240213_3,77,G5,false,Sample 15,GACH,UNKNOWN,CY5,NFQ-MGB,30.838,30.967,0.167,335.706,304.102,40.067,true,0.106,true,3,26,,37.974,0.960,-2.825,1.437,0.994,Amp,N,,
20240213_3,77,G5,false,Sample 15,MOA,UNKNOWN,VIC,NFQ-MGB,28.635,28.620,0.013,,,,true,0.243,true,3,23,,,,,1.399,0.962,Amp,N,,
20240213_3,78,G6,false,Sample 15,GACH,UNKNOWN,CY5,NFQ-MGB,30.906,30.967,0.167,317.561,304.102,40.067,true,0.106,true,3,26,,37.974,0.960,-2.825,1.436,0.993,Amp,N,,
20240213_3,78,G6,false,Sample 15,MOA,UNKNOWN,VIC,NFQ-MGB,28.617,28.620,0.013,,,,true,0.243,true,3,23,,,,,1.399,0.966,Amp,N,,
20240213_3,79,G7,false,Sample 23,GACH,UNKNOWN,CY5,NFQ-MGB,31.942,31.682,0.236,136.554,170.765,31.663,true,0.106,true,3,27,,37.974,0.960,-2.825,1.433,0.995,Amp,N,,
20240213_3,79,G7,false,Sample 23,MOA,UNKNOWN,VIC,NFQ-MGB,28.756,28.705,0.062,,,,true,0.243,true,3,23,,,,,1.392,0.967,Amp,N,,
20240213_3,80,G8,false,Sample 23,GACH,UNKNOWN,CY5,NFQ-MGB,31.625,31.682,0.236,176.700,170.765,31.663,true,0.106,true,3,27,,37.974,0.960,-2.825,1.436,0.995,Amp,N,,
20240213_3,80,G8,false,Sample 23,MOA,UNKNOWN,VIC,NFQ-MGB,28.636,28.705,0.062,,,,true,0.243,true,3,23,,,,,1.396,0.966,Amp,N,,
20240213_3,81,G9,false,Sample 23,GACH,UNKNOWN,CY5,NFQ-MGB,31.479,31.682,0.236,199.041,170.765,31.663,true,0.106,true,3,27,,37.974,0.960,-2.825,1.428,0.994,Amp,N,,
20240213_3,81,G9,false,Sample 23,MOA,UNKNOWN,VIC,NFQ-MGB,28.722,28.705,0.062,,,,true,0.243,true,3,23,,,,,1.389,0.968,Amp,N,,
20240213_3,82,G10,false,Sample 25,GACH,UNKNOWN,CY5,NFQ-MGB,30.468,31.990,1.350,453.853,199.741,220.734,true,0.106,true,3,26,,37.974,0.960,-2.825,1.433,0.995,Amp,Y,,
20240213_3,82,G10,false,Sample 25,MOA,UNKNOWN,VIC,NFQ-MGB,28.596,29.565,1.160,,,,true,0.243,true,3,23,,,,,1.397,0.966,Amp,Y,,
20240213_3,83,G11,false,Sample 25,GACH,UNKNOWN,CY5,NFQ-MGB,33.046,31.990,1.350,55.536,199.741,220.734,true,0.106,true,3,29,,37.974,0.960,-2.825,1.405,0.986,Amp,Y,,
20240213_3,83,G11,false,Sample 25,MOA,UNKNOWN,VIC,NFQ-MGB,30.850,29.565,1.160,,,,true,0.243,true,3,25,,,,,1.388,0.950,Amp,Y,,
20240213_3,84,G12,false,Sample 25,GACH,UNKNOWN,CY5,NFQ-MGB,32.455,31.990,1.350,89.836,199.741,220.734,true,0.106,true,3,28,,37.974,0.960,-2.825,1.367,0.992,Amp,Y,,
20240213_3,84,G12,false,Sample 25,MOA,UNKNOWN,VIC,NFQ-MGB,29.249,29.565,1.160,,,,true,0.243,true,3,23,,,,,1.390,0.960,Amp,Y,,
20240213_3,85,H1,false,Sample 8,GACH,UNKNOWN,CY5,NFQ-MGB,34.716,34.087,0.675,14.237,26.300,14.583,true,0.106,true,3,30,,37.974,0.960,-2.825,1.301,0.987,Amp,Y,,
20240213_3,85,H1,false,Sample 8,MOA,UNKNOWN,VIC,NFQ-MGB,29.601,29.202,0.345,,,,true,0.243,true,3,24,,,,,1.381,0.962,Amp,Y,,
20240213_3,86,H2,false,Sample 8,GACH,UNKNOWN,CY5,NFQ-MGB,34.173,34.087,0.675,22.157,26.300,14.583,true,0.106,true,3,30,,37.974,0.960,-2.825,1.372,0.990,Amp,Y,,
20240213_3,86,H2,false,Sample 8,MOA,UNKNOWN,VIC,NFQ-MGB,29.008,29.202,0.345,,,,true,0.243,true,3,23,,,,,1.407,0.958,Amp,Y,,
20240213_3,87,H3,false,Sample 8,GACH,UNKNOWN,CY5,NFQ-MGB,33.374,34.087,0.675,42.507,26.300,14.583,true,0.106,true,3,29,,37.974,0.960,-2.825,1.376,0.987,Amp,Y,,
20240213_3,87,H3,false,Sample 8,MOA,UNKNOWN,VIC,NFQ-MGB,28.998,29.202,0.345,,,,true,0.243,true,3,23,,,,,1.399,0.960,Amp,Y,,
20240213_3,88,H4,false,Sample 16,GACH,UNKNOWN,CY5,NFQ-MGB,33.963,33.498,0.426,26.282,39.908,12.926,true,0.106,true,3,29,,37.974,0.960,-2.825,1.389,0.990,Amp,N,,
20240213_3,88,H4,false,Sample 16,MOA,UNKNOWN,VIC,NFQ-MGB,29.186,29.360,0.238,,,,true,0.243,true,3,23,,,,,1.404,0.961,Amp,N,,
20240213_3,89,H5,false,Sample 16,GACH,UNKNOWN,CY5,NFQ-MGB,33.126,33.498,0.426,51.997,39.908,12.926,true,0.106,true,3,29,,37.974,0.960,-2.825,1.397,0.990,Amp,N,,
20240213_3,89,H5,false,Sample 16,MOA,UNKNOWN,VIC,NFQ-MGB,29.263,29.360,0.238,,,,true,0.243,true,3,24,,,,,1.396,0.957,Amp,N,,
20240213_3,90,H6,false,Sample 16,GACH,UNKNOWN,CY5,NFQ-MGB,33.405,33.498,0.426,41.444,39.908,12.926,true,0.106,true,3,29,,37.974,0.960,-2.825,1.385,0.988,Amp,N,,
20240213_3,90,H6,false,Sample 16,MOA,UNKNOWN,VIC,NFQ-MGB,29.631,29.360,0.238,,,,true,0.243,true,3,24,,,,,1.389,0.954,Amp,N,,
20240213_3,91,H7,false,Sample 24,GACH,UNKNOWN,CY5,NFQ-MGB,32.436,33.596,2.031,91.274,63.210,50.209,true,0.106,true,3,27,,37.974,0.960,-2.825,1.421,0.992,Amp,Y,,
20240213_3,91,H7,false,Sample 24,MOA,UNKNOWN,VIC,NFQ-MGB,29.241,30.203,1.748,,,,true,0.243,true,3,24,,,,,1.404,0.960,Amp,Y,,
20240213_3,92,H8,false,Sample 24,GACH,UNKNOWN,CY5,NFQ-MGB,35.941,33.596,2.031,5.244,63.210,50.209,true,0.106,true,3,31,,37.974,0.960,-2.825,1.242,0.981,Amp,Y,,
20240213_3,92,H8,false,Sample 24,MOA,UNKNOWN,VIC,NFQ-MGB,32.221,30.203,1.748,,,,true,0.243,true,3,26,,,,,1.386,0.951,Amp,Y,,
20240213_3,93,H9,false,Sample 24,GACH,UNKNOWN,CY5,NFQ-MGB,32.411,33.596,2.031,93.113,63.210,50.209,true,0.106,true,3,28,,37.974,0.960,-2.825,1.409,0.992,Amp,Y,,
20240213_3,93,H9,false,Sample 24,MOA,UNKNOWN,VIC,NFQ-MGB,29.146,30.203,1.748,,,,true,0.243,true,3,23,,,,,1.397,0.960,Amp,Y,,
20240213_3,94,H10,false,,GACH,NTC,CY5,NFQ-MGB,Undetermined,,,,,,true,0.106,true,3,39,,37.974,0.960,-2.825,0.000,0.000,No Amp,Y,,
20240213_3,94,H10,false,,MOA,UNKNOWN,VIC,NFQ-MGB,30.103,30.910,2.717,,,,true,0.243,true,3,24,,,,,1.417,0.959,Amp,Y,,
20240213_3,95,H11,false,,GACH,NTC,CY5,NFQ-MGB,Undetermined,,,,,,true,0.106,true,3,39,,37.974,0.960,-2.825,0.000,0.000,No Amp,Y,,
20240213_3,95,H11,false,,MOA,UNKNOWN,VIC,NFQ-MGB,28.687,30.910,2.717,,,,true,0.243,true,3,23,,,,,1.404,0.966,Amp,Y,,
20240213_3,96,H12,false,,GACH,NTC,CY5,NFQ-MGB,Undetermined,,,,,,true,0.106,true,3,39,,37.974,0.960,-2.825,0.000,0.000,No Amp,Y,,
20240213_3,96,H12,false,,MOA,UNKNOWN,VIC,NFQ-MGB,33.939,30.910,2.717,,,,true,0.243,true,3,28,,,,,1.405,0.946,Amp,Y,,