"","Sample_ID","sample_type","extraction_ID","pcr_replicate","alt_ID","tank_ID","station_ID","combined_column","taxon","total_reads","MiSeq_run"
"1","e02362-A","sample","e02362","A",435,2,NA,2,"Boreogadus saida",982,"B"
"2","e02362-A","sample","e02362","A",435,2,NA,2,"Gadus chalcogrammus",25802,"B"
"3","e02362-A","sample","e02362","A",435,2,NA,2,"Gadus macrocephalus",1583,"B"
"4","e02362-B","sample","e02362","B",435,2,NA,2,"Boreogadus saida",772,"B"
"5","e02362-B","sample","e02362","B",435,2,NA,2,"Gadus chalcogrammus",30584,"B"
"6","e02362-B","sample","e02362","B",435,2,NA,2,"Gadus macrocephalus",1658,"B"
"7","e02362-C","sample","e02362","C",435,2,NA,2,"Boreogadus saida",882,"B"
"8","e02362-C","sample","e02362","C",435,2,NA,2,"Gadus chalcogrammus",36389,"B"
"9","e02362-C","sample","e02362","C",435,2,NA,2,"Gadus macrocephalus",2380,"B"
"10","e02363-A","sample","e02363","A",393,2,NA,2,"Boreogadus saida",1308,"B"
"11","e02363-A","sample","e02363","A",393,2,NA,2,"Gadus chalcogrammus",27248,"B"
"12","e02363-A","sample","e02363","A",393,2,NA,2,"Gadus macrocephalus",2844,"B"
"13","e02363-B","sample","e02363","B",393,2,NA,2,"Boreogadus saida",788,"B"
"14","e02363-B","sample","e02363","B",393,2,NA,2,"Gadus chalcogrammus",23603,"B"
"15","e02363-B","sample","e02363","B",393,2,NA,2,"Gadus macrocephalus",1493,"B"
"16","e02363-C","sample","e02363","C",393,2,NA,2,"Boreogadus saida",751,"B"
"17","e02363-C","sample","e02363","C",393,2,NA,2,"Gadus chalcogrammus",28719,"B"
"18","e02363-C","sample","e02363","C",393,2,NA,2,"Gadus macrocephalus",2315,"B"
"19","e02366-A","sample","e02366","A",446,2,NA,2,"Boreogadus saida",985,"B"
"20","e02366-A","sample","e02366","A",446,2,NA,2,"Gadus chalcogrammus",26194,"B"
"21","e02366-A","sample","e02366","A",446,2,NA,2,"Gadus macrocephalus",1921,"B"
"22","e02366-B","sample","e02366","B",446,2,NA,2,"Boreogadus saida",675,"B"
"23","e02366-B","sample","e02366","B",446,2,NA,2,"Gadus chalcogrammus",36723,"B"
"24","e02366-B","sample","e02366","B",446,2,NA,2,"Gadus macrocephalus",1928,"B"
"25","e02366-C","sample","e02366","C",446,2,NA,2,"Boreogadus saida",474,"B"
"26","e02366-C","sample","e02366","C",446,2,NA,2,"Gadus chalcogrammus",36034,"B"
"27","e02366-C","sample","e02366","C",446,2,NA,2,"Gadus macrocephalus",2173,"B"
"28","e02370-A","sample","e02370","A",81,39,NA,39,"Boreogadus saida",3904,"B"
"29","e02370-A","sample","e02370","A",81,39,NA,39,"Gadus chalcogrammus",17556,"B"
"30","e02370-A","sample","e02370","A",81,39,NA,39,"Gadus macrocephalus",8867,"B"
"31","e02370-B","sample","e02370","B",81,39,NA,39,"Boreogadus saida",3196,"B"
"32","e02370-B","sample","e02370","B",81,39,NA,39,"Gadus chalcogrammus",18188,"B"
"33","e02370-B","sample","e02370","B",81,39,NA,39,"Gadus macrocephalus",9588,"B"
"34","e02370-C","sample","e02370","C",81,39,NA,39,"Boreogadus saida",4215,"B"
"35","e02370-C","sample","e02370","C",81,39,NA,39,"Gadus chalcogrammus",25375,"B"
"36","e02370-C","sample","e02370","C",81,39,NA,39,"Gadus macrocephalus",13734,"B"
"37","e02372-A","sample","e02372","A",398,89,NA,89,"Gadus chalcogrammus",11169,"B"
"38","e02372-A","sample","e02372","A",398,89,NA,89,"Gadus macrocephalus",22173,"B"
"39","e02372-B","sample","e02372","B",398,89,NA,89,"Gadus chalcogrammus",10839,"B"
"40","e02372-B","sample","e02372","B",398,89,NA,89,"Gadus macrocephalus",19761,"B"
"41","e02372-C","sample","e02372","C",398,89,NA,89,"Gadus chalcogrammus",11747,"B"
"42","e02372-C","sample","e02372","C",398,89,NA,89,"Gadus macrocephalus",18658,"B"
"43","e02373-A","sample","e02373","A",312,89,NA,89,"Gadus chalcogrammus",21179,"B"
"44","e02373-A","sample","e02373","A",312,89,NA,89,"Gadus macrocephalus",31656,"B"
"45","e02373-B","sample","e02373","B",312,89,NA,89,"Gadus chalcogrammus",12322,"B"
"46","e02373-B","sample","e02373","B",312,89,NA,89,"Gadus macrocephalus",17005,"B"
"47","e02373-C","sample","e02373","C",312,89,NA,89,"Gadus chalcogrammus",14573,"B"
"48","e02373-C","sample","e02373","C",312,89,NA,89,"Gadus macrocephalus",19649,"B"
"49","e02374-A","sample","e02374","A",360,39,NA,39,"Boreogadus saida",6176,"B"
"50","e02374-A","sample","e02374","A",360,39,NA,39,"Gadus chalcogrammus",25187,"B"
"51","e02374-A","sample","e02374","A",360,39,NA,39,"Gadus macrocephalus",13472,"B"
"52","e02374-B","sample","e02374","B",360,39,NA,39,"Boreogadus saida",3673,"B"
"53","e02374-B","sample","e02374","B",360,39,NA,39,"Gadus chalcogrammus",20949,"B"
"54","e02374-B","sample","e02374","B",360,39,NA,39,"Gadus macrocephalus",10459,"B"
"55","e02374-C","sample","e02374","C",360,39,NA,39,"Boreogadus saida",3984,"B"
"56","e02374-C","sample","e02374","C",360,39,NA,39,"Gadus chalcogrammus",27953,"B"
"57","e02374-C","sample","e02374","C",360,39,NA,39,"Gadus macrocephalus",13970,"B"
"58","e02375-A","sample","e02375","A",8,39,NA,39,"Boreogadus saida",4464,"B"
"59","e02375-A","sample","e02375","A",8,39,NA,39,"Gadus chalcogrammus",15396,"B"
"60","e02375-A","sample","e02375","A",8,39,NA,39,"Gadus macrocephalus",10271,"B"
"61","e02375-B","sample","e02375","B",8,39,NA,39,"Boreogadus saida",1931,"B"
"62","e02375-B","sample","e02375","B",8,39,NA,39,"Gadus chalcogrammus",7292,"B"
"63","e02375-B","sample","e02375","B",8,39,NA,39,"Gadus macrocephalus",4452,"B"
"64","e02375-C","sample","e02375","C",8,39,NA,39,"Boreogadus saida",2721,"B"
"65","e02375-C","sample","e02375","C",8,39,NA,39,"Gadus chalcogrammus",14429,"B"
"66","e02375-C","sample","e02375","C",8,39,NA,39,"Gadus macrocephalus",8389,"B"
"67","e02380-A","sample","e02380","A",492,89,NA,89,"Gadus chalcogrammus",13841,"B"
"68","e02380-A","sample","e02380","A",492,89,NA,89,"Gadus macrocephalus",20604,"B"
"69","e02380-B","sample","e02380","B",492,89,NA,89,"Gadus chalcogrammus",13941,"B"
"70","e02380-B","sample","e02380","B",492,89,NA,89,"Gadus macrocephalus",19999,"B"
"71","e02380-C","sample","e02380","C",492,89,NA,89,"Gadus chalcogrammus",16281,"B"
"72","e02380-C","sample","e02380","C",492,89,NA,89,"Gadus macrocephalus",20698,"B"
"73","e02450-A","sample","e02450","A",239,46,NA,46,"Boreogadus saida",3527,"B"
"74","e02450-A","sample","e02450","A",239,46,NA,46,"Gadus chalcogrammus",2635,"B"
"75","e02450-A","sample","e02450","A",239,46,NA,46,"Gadus macrocephalus",14874,"B"
"76","e02450-B","sample","e02450","B",239,46,NA,46,"Boreogadus saida",6806,"B"
"77","e02450-B","sample","e02450","B",239,46,NA,46,"Gadus chalcogrammus",5318,"B"
"78","e02450-B","sample","e02450","B",239,46,NA,46,"Gadus macrocephalus",31138,"B"
"79","e02450-C","sample","e02450","C",239,46,NA,46,"Boreogadus saida",4989,"B"
"80","e02450-C","sample","e02450","C",239,46,NA,46,"Gadus chalcogrammus",4440,"B"
"81","e02450-C","sample","e02450","C",239,46,NA,46,"Gadus macrocephalus",25608,"B"
"82","e02452-A","sample","e02452","A",473,46,NA,46,"Boreogadus saida",4860,"B"
"83","e02452-A","sample","e02452","A",473,46,NA,46,"Gadus chalcogrammus",2816,"B"
"84","e02452-A","sample","e02452","A",473,46,NA,46,"Gadus macrocephalus",17869,"B"
"85","e02452-B","sample","e02452","B",473,46,NA,46,"Boreogadus saida",4571,"B"
"86","e02452-B","sample","e02452","B",473,46,NA,46,"Gadus chalcogrammus",3547,"B"
"87","e02452-B","sample","e02452","B",473,46,NA,46,"Gadus macrocephalus",20379,"B"
"88","e02452-C","sample","e02452","C",473,46,NA,46,"Boreogadus saida",5763,"B"
"89","e02452-C","sample","e02452","C",473,46,NA,46,"Gadus chalcogrammus",4228,"B"
"90","e02452-C","sample","e02452","C",473,46,NA,46,"Gadus macrocephalus",21858,"B"
"91","e02453-A","sample","e02453","A",45,46,NA,46,"Boreogadus saida",4558,"B"
"92","e02453-A","sample","e02453","A",45,46,NA,46,"Gadus chalcogrammus",5509,"B"
"93","e02453-A","sample","e02453","A",45,46,NA,46,"Gadus macrocephalus",17326,"B"
"94","e02453-B","sample","e02453","B",45,46,NA,46,"Boreogadus saida",5104,"B"
"95","e02453-B","sample","e02453","B",45,46,NA,46,"Gadus chalcogrammus",7372,"B"
"96","e02453-B","sample","e02453","B",45,46,NA,46,"Gadus macrocephalus",22556,"B"
"97","e02453-C","sample","e02453","C",45,46,NA,46,"Boreogadus saida",6867,"B"
"98","e02453-C","sample","e02453","C",45,46,NA,46,"Gadus chalcogrammus",7230,"B"
"99","e02453-C","sample","e02453","C",45,46,NA,46,"Gadus macrocephalus",25367,"B"
"100","e02454-A","sample","e02454","A",111,96,NA,96,"Boreogadus saida",13,"B"
"101","e02454-A","sample","e02454","A",111,96,NA,96,"Gadus chalcogrammus",18404,"B"
"102","e02454-A","sample","e02454","A",111,96,NA,96,"Gadus macrocephalus",4948,"B"
"103","e02454-B","sample","e02454","B",111,96,NA,96,"Boreogadus saida",5,"B"
"104","e02454-B","sample","e02454","B",111,96,NA,96,"Gadus chalcogrammus",37520,"B"
"105","e02454-B","sample","e02454","B",111,96,NA,96,"Gadus macrocephalus",8271,"B"
"106","e02454-C","sample","e02454","C",111,96,NA,96,"Boreogadus saida",0,"B"
"107","e02454-C","sample","e02454","C",111,96,NA,96,"Gadus chalcogrammus",35576,"B"
"108","e02454-C","sample","e02454","C",111,96,NA,96,"Gadus macrocephalus",9901,"B"
"109","e02455-A","sample","e02455","A",440,96,NA,96,"Boreogadus saida",0,"B"
"110","e02455-A","sample","e02455","A",440,96,NA,96,"Gadus chalcogrammus",18788,"B"
"111","e02455-A","sample","e02455","A",440,96,NA,96,"Gadus macrocephalus",2730,"B"
"112","e02455-C","sample","e02455","C",440,96,NA,96,"Boreogadus saida",0,"B"
"113","e02455-C","sample","e02455","C",440,96,NA,96,"Gadus chalcogrammus",31586,"B"
"114","e02455-C","sample","e02455","C",440,96,NA,96,"Gadus macrocephalus",8157,"B"
"115","e02456-A","sample","e02456","A",132,96,NA,96,"Boreogadus saida",110,"B"
"116","e02456-A","sample","e02456","A",132,96,NA,96,"Gadus chalcogrammus",15012,"B"
"117","e02456-A","sample","e02456","A",132,96,NA,96,"Gadus macrocephalus",4608,"B"
"118","e02456-B","sample","e02456","B",132,96,NA,96,"Boreogadus saida",0,"B"
"119","e02456-B","sample","e02456","B",132,96,NA,96,"Gadus chalcogrammus",24357,"B"
"120","e02456-B","sample","e02456","B",132,96,NA,96,"Gadus macrocephalus",6446,"B"
"121","e02456-C","sample","e02456","C",132,96,NA,96,"Boreogadus saida",0,"B"
"122","e02456-C","sample","e02456","C",132,96,NA,96,"Gadus chalcogrammus",21463,"B"
"123","e02456-C","sample","e02456","C",132,96,NA,96,"Gadus macrocephalus",5752,"B"
"124","e02458-A","sample","e02458","A",92,56,NA,56,"Boreogadus saida",11537,"B"
"125","e02458-A","sample","e02458","A",92,56,NA,56,"Gadus chalcogrammus",0,"B"
"126","e02458-A","sample","e02458","A",92,56,NA,56,"Gadus macrocephalus",14347,"B"
"127","e02458-B","sample","e02458","B",92,56,NA,56,"Boreogadus saida",19545,"B"
"128","e02458-B","sample","e02458","B",92,56,NA,56,"Gadus chalcogrammus",0,"B"
"129","e02458-B","sample","e02458","B",92,56,NA,56,"Gadus macrocephalus",24543,"B"
"130","e02458-C","sample","e02458","C",92,56,NA,56,"Boreogadus saida",18202,"B"
"131","e02458-C","sample","e02458","C",92,56,NA,56,"Gadus chalcogrammus",0,"B"
"132","e02458-C","sample","e02458","C",92,56,NA,56,"Gadus macrocephalus",23914,"B"
"133","e02459-A","sample","e02459","A",449,49,NA,49,"Boreogadus saida",103,"B"
"134","e02459-A","sample","e02459","A",449,49,NA,49,"Gadus chalcogrammus",25197,"B"
"135","e02459-A","sample","e02459","A",449,49,NA,49,"Gadus macrocephalus",0,"B"
"136","e02459-B","sample","e02459","B",449,49,NA,49,"Boreogadus saida",253,"B"
"137","e02459-B","sample","e02459","B",449,49,NA,49,"Gadus chalcogrammus",45270,"B"
"138","e02459-B","sample","e02459","B",449,49,NA,49,"Gadus macrocephalus",291,"B"
"139","e02459-C","sample","e02459","C",449,49,NA,49,"Boreogadus saida",84,"B"
"140","e02459-C","sample","e02459","C",449,49,NA,49,"Gadus chalcogrammus",45085,"B"
"141","e02459-C","sample","e02459","C",449,49,NA,49,"Gadus macrocephalus",3,"B"
"142","e02460-A","sample","e02460","A",477,49,NA,49,"Boreogadus saida",100,"B"
"143","e02460-A","sample","e02460","A",477,49,NA,49,"Gadus chalcogrammus",14729,"B"
"144","e02460-A","sample","e02460","A",477,49,NA,49,"Gadus macrocephalus",16,"B"
"145","e02460-B","sample","e02460","B",477,49,NA,49,"Boreogadus saida",8,"B"
"146","e02460-B","sample","e02460","B",477,49,NA,49,"Gadus chalcogrammus",31484,"B"
"147","e02460-B","sample","e02460","B",477,49,NA,49,"Gadus macrocephalus",0,"B"
"148","e02460-C","sample","e02460","C",477,49,NA,49,"Boreogadus saida",75,"B"
"149","e02460-C","sample","e02460","C",477,49,NA,49,"Gadus chalcogrammus",42224,"B"
"150","e02460-C","sample","e02460","C",477,49,NA,49,"Gadus macrocephalus",0,"B"
"151","e02461-A","sample","e02461","A",319,49,NA,49,"Boreogadus saida",1503,"B"
"152","e02461-A","sample","e02461","A",319,49,NA,49,"Gadus chalcogrammus",16300,"B"
"153","e02461-A","sample","e02461","A",319,49,NA,49,"Gadus macrocephalus",165,"B"
"154","e02461-B","sample","e02461","B",319,49,NA,49,"Boreogadus saida",1660,"B"
"155","e02461-B","sample","e02461","B",319,49,NA,49,"Gadus chalcogrammus",29787,"B"
"156","e02461-B","sample","e02461","B",319,49,NA,49,"Gadus macrocephalus",0,"B"
"157","e02461-C","sample","e02461","C",319,49,NA,49,"Boreogadus saida",1631,"B"
"158","e02461-C","sample","e02461","C",319,49,NA,49,"Gadus chalcogrammus",36519,"B"
"159","e02461-C","sample","e02461","C",319,49,NA,49,"Gadus macrocephalus",0,"B"
"160","e02462-A","sample","e02462","A",365,56,NA,56,"Boreogadus saida",12928,"B"
"161","e02462-A","sample","e02462","A",365,56,NA,56,"Gadus chalcogrammus",0,"B"
"162","e02462-A","sample","e02462","A",365,56,NA,56,"Gadus macrocephalus",17139,"B"
"163","e02462-B","sample","e02462","B",365,56,NA,56,"Boreogadus saida",14890,"B"
"164","e02462-B","sample","e02462","B",365,56,NA,56,"Gadus chalcogrammus",0,"B"
"165","e02462-B","sample","e02462","B",365,56,NA,56,"Gadus macrocephalus",23431,"B"
"166","e02462-C","sample","e02462","C",365,56,NA,56,"Boreogadus saida",18527,"B"
"167","e02462-C","sample","e02462","C",365,56,NA,56,"Gadus chalcogrammus",0,"B"
"168","e02462-C","sample","e02462","C",365,56,NA,56,"Gadus macrocephalus",27606,"B"
"169","e02463-A","sample","e02463","A",322,56,NA,56,"Boreogadus saida",10009,"B"
"170","e02463-A","sample","e02463","A",322,56,NA,56,"Gadus chalcogrammus",7,"B"
"171","e02463-A","sample","e02463","A",322,56,NA,56,"Gadus macrocephalus",13068,"B"
"172","e02463-B","sample","e02463","B",322,56,NA,56,"Boreogadus saida",16623,"B"
"173","e02463-B","sample","e02463","B",322,56,NA,56,"Gadus chalcogrammus",0,"B"
"174","e02463-B","sample","e02463","B",322,56,NA,56,"Gadus macrocephalus",26253,"B"
"175","e02463-C","sample","e02463","C",322,56,NA,56,"Boreogadus saida",18043,"B"
"176","e02463-C","sample","e02463","C",322,56,NA,56,"Gadus chalcogrammus",0,"B"
"177","e02463-C","sample","e02463","C",322,56,NA,56,"Gadus macrocephalus",29818,"B"
"178","e02471-A","sample","e02471","A",183,83,NA,83,"Gadus macrocephalus",21391,"B"
"179","e02471-B","sample","e02471","B",183,83,NA,83,"Gadus macrocephalus",45131,"B"
"180","e02471-C","sample","e02471","C",183,83,NA,83,"Gadus macrocephalus",27986,"B"
"181","e02472-A","sample","e02472","A",235,70,NA,70,"Boreogadus saida",2498,"B"
"182","e02472-A","sample","e02472","A",235,70,NA,70,"Gadus macrocephalus",1467,"B"
"183","e02472-B","sample","e02472","B",235,70,NA,70,"Boreogadus saida",20933,"B"
"184","e02472-B","sample","e02472","B",235,70,NA,70,"Gadus macrocephalus",11858,"B"
"185","e02472-C","sample","e02472","C",235,70,NA,70,"Boreogadus saida",20849,"B"
"186","e02472-C","sample","e02472","C",235,70,NA,70,"Gadus macrocephalus",7504,"B"
"187","e02473-B","sample","e02473","B",427,54,NA,54,"Boreogadus saida",1212,"B"
"188","e02473-B","sample","e02473","B",427,54,NA,54,"Gadus chalcogrammus",7,"B"
"189","e02473-B","sample","e02473","B",427,54,NA,54,"Gadus macrocephalus",2,"B"
"190","e02473-C","sample","e02473","C",427,54,NA,54,"Boreogadus saida",1796,"B"
"191","e02473-C","sample","e02473","C",427,54,NA,54,"Gadus chalcogrammus",0,"B"
"192","e02473-C","sample","e02473","C",427,54,NA,54,"Gadus macrocephalus",7,"B"
"193","e02474-A","sample","e02474","A",304,38,NA,38,"Boreogadus saida",7971,"B"
"194","e02474-A","sample","e02474","A",304,38,NA,38,"Gadus macrocephalus",8172,"B"
"195","e02474-B","sample","e02474","B",304,38,NA,38,"Boreogadus saida",39452,"B"
"196","e02474-B","sample","e02474","B",304,38,NA,38,"Gadus macrocephalus",16789,"B"
"197","e02474-C","sample","e02474","C",304,38,NA,38,"Boreogadus saida",8423,"B"
"198","e02474-C","sample","e02474","C",304,38,NA,38,"Gadus macrocephalus",9033,"B"
"199","e02477-A","sample","e02477","A",389,83,NA,83,"Gadus macrocephalus",13543,"B"
"200","e02477-B","sample","e02477","B",389,83,NA,83,"Gadus macrocephalus",32506,"B"
"201","e02477-C","sample","e02477","C",389,83,NA,83,"Gadus macrocephalus",30254,"B"
"202","e02478-A","sample","e02478","A",293,70,NA,70,"Boreogadus saida",3538,"B"
"203","e02478-A","sample","e02478","A",293,70,NA,70,"Gadus macrocephalus",3820,"B"
"204","e02478-B","sample","e02478","B",293,70,NA,70,"Boreogadus saida",16518,"B"
"205","e02478-B","sample","e02478","B",293,70,NA,70,"Gadus macrocephalus",23122,"B"
"206","e02478-C","sample","e02478","C",293,70,NA,70,"Boreogadus saida",8534,"B"
"207","e02478-C","sample","e02478","C",293,70,NA,70,"Gadus macrocephalus",7199,"B"
"208","e02479-A","sample","e02479","A",400,70,NA,70,"Boreogadus saida",3755,"B"
"209","e02479-A","sample","e02479","A",400,70,NA,70,"Gadus macrocephalus",7051,"B"
"210","e02479-B","sample","e02479","B",400,70,NA,70,"Boreogadus saida",13528,"B"
"211","e02479-B","sample","e02479","B",400,70,NA,70,"Gadus macrocephalus",15544,"B"
"212","e02479-C","sample","e02479","C",400,70,NA,70,"Boreogadus saida",12345,"B"
"213","e02479-C","sample","e02479","C",400,70,NA,70,"Gadus macrocephalus",16022,"B"
"214","e02480-A","sample","e02480","A",99,62,NA,62,"Boreogadus saida",10020,"B"
"215","e02480-A","sample","e02480","A",99,62,NA,62,"Gadus chalcogrammus",0,"B"
"216","e02480-A","sample","e02480","A",99,62,NA,62,"Gadus macrocephalus",2860,"B"
"217","e02480-B","sample","e02480","B",99,62,NA,62,"Boreogadus saida",26722,"B"
"218","e02480-B","sample","e02480","B",99,62,NA,62,"Gadus chalcogrammus",0,"B"
"219","e02480-B","sample","e02480","B",99,62,NA,62,"Gadus macrocephalus",7923,"B"
"220","e02480-C","sample","e02480","C",99,62,NA,62,"Boreogadus saida",24560,"B"
"221","e02480-C","sample","e02480","C",99,62,NA,62,"Gadus chalcogrammus",57,"B"
"222","e02480-C","sample","e02480","C",99,62,NA,62,"Gadus macrocephalus",7408,"B"
"223","e02481-A","sample","e02481","A",76,62,NA,62,"Boreogadus saida",18689,"B"
"224","e02481-A","sample","e02481","A",76,62,NA,62,"Gadus chalcogrammus",0,"B"
"225","e02481-A","sample","e02481","A",76,62,NA,62,"Gadus macrocephalus",8049,"B"
"226","e02481-B","sample","e02481","B",76,62,NA,62,"Boreogadus saida",37107,"B"
"227","e02481-B","sample","e02481","B",76,62,NA,62,"Gadus chalcogrammus",0,"B"
"228","e02481-B","sample","e02481","B",76,62,NA,62,"Gadus macrocephalus",17660,"B"
"229","e02481-C","sample","e02481","C",76,62,NA,62,"Boreogadus saida",26753,"B"
"230","e02481-C","sample","e02481","C",76,62,NA,62,"Gadus chalcogrammus",0,"B"
"231","e02481-C","sample","e02481","C",76,62,NA,62,"Gadus macrocephalus",11836,"B"
"232","e02482-A","sample","e02482","A",428,62,NA,62,"Boreogadus saida",17322,"B"
"233","e02482-A","sample","e02482","A",428,62,NA,62,"Gadus chalcogrammus",0,"B"
"234","e02482-A","sample","e02482","A",428,62,NA,62,"Gadus macrocephalus",3721,"B"
"235","e02482-B","sample","e02482","B",428,62,NA,62,"Boreogadus saida",38406,"B"
"236","e02482-B","sample","e02482","B",428,62,NA,62,"Gadus chalcogrammus",0,"B"
"237","e02482-B","sample","e02482","B",428,62,NA,62,"Gadus macrocephalus",10702,"B"
"238","e02482-C","sample","e02482","C",428,62,NA,62,"Boreogadus saida",32462,"B"
"239","e02482-C","sample","e02482","C",428,62,NA,62,"Gadus chalcogrammus",0,"B"
"240","e02482-C","sample","e02482","C",428,62,NA,62,"Gadus macrocephalus",9146,"B"
"241","e02484-A","sample","e02484","A",414,83,NA,83,"Gadus macrocephalus",16936,"B"
"242","e02484-B","sample","e02484","B",414,83,NA,83,"Gadus macrocephalus",31228,"B"
"243","e02484-C","sample","e02484","C",414,83,NA,83,"Gadus macrocephalus",32730,"B"
"244","e02486-A","sample","e02486","A",329,80,NA,80,"Boreogadus saida",20347,"B"
"245","e02486-A","sample","e02486","A",329,80,NA,80,"Gadus chalcogrammus",0,"B"
"246","e02486-A","sample","e02486","A",329,80,NA,80,"Gadus macrocephalus",4036,"B"
"247","e02486-B","sample","e02486","B",329,80,NA,80,"Boreogadus saida",104595,"B"
"248","e02486-B","sample","e02486","B",329,80,NA,80,"Gadus chalcogrammus",0,"B"
"249","e02486-B","sample","e02486","B",329,80,NA,80,"Gadus macrocephalus",29685,"B"
"250","e02486-C","sample","e02486","C",329,80,NA,80,"Boreogadus saida",33986,"B"
"251","e02486-C","sample","e02486","C",329,80,NA,80,"Gadus chalcogrammus",0,"B"
"252","e02486-C","sample","e02486","C",329,80,NA,80,"Gadus macrocephalus",10297,"B"
"253","e02487-A","sample","e02487","A",200,80,NA,80,"Boreogadus saida",16619,"B"
"254","e02487-A","sample","e02487","A",200,80,NA,80,"Gadus chalcogrammus",0,"B"
"255","e02487-A","sample","e02487","A",200,80,NA,80,"Gadus macrocephalus",6348,"B"
"256","e02487-B","sample","e02487","B",200,80,NA,80,"Boreogadus saida",31472,"B"
"257","e02487-B","sample","e02487","B",200,80,NA,80,"Gadus chalcogrammus",0,"B"
"258","e02487-B","sample","e02487","B",200,80,NA,80,"Gadus macrocephalus",15296,"B"
"259","e02487-C","sample","e02487","C",200,80,NA,80,"Boreogadus saida",21990,"B"
"260","e02487-C","sample","e02487","C",200,80,NA,80,"Gadus chalcogrammus",0,"B"
"261","e02487-C","sample","e02487","C",200,80,NA,80,"Gadus macrocephalus",12906,"B"
"262","e02488-A","sample","e02488","A",353,80,NA,80,"Boreogadus saida",8322,"B"
"263","e02488-A","sample","e02488","A",353,80,NA,80,"Gadus chalcogrammus",8,"B"
"264","e02488-A","sample","e02488","A",353,80,NA,80,"Gadus macrocephalus",2979,"B"
"265","e02488-B","sample","e02488","B",353,80,NA,80,"Boreogadus saida",28058,"B"
"266","e02488-B","sample","e02488","B",353,80,NA,80,"Gadus chalcogrammus",0,"B"
"267","e02488-B","sample","e02488","B",353,80,NA,80,"Gadus macrocephalus",16505,"B"
"268","e02488-C","sample","e02488","C",353,80,NA,80,"Boreogadus saida",18500,"B"
"269","e02488-C","sample","e02488","C",353,80,NA,80,"Gadus chalcogrammus",0,"B"
"270","e02488-C","sample","e02488","C",353,80,NA,80,"Gadus macrocephalus",9424,"B"
"271","e02490-A","sample","e02490","A",109,22,NA,22,"Boreogadus saida",23337,"B"
"272","e02490-A","sample","e02490","A",109,22,NA,22,"Gadus chalcogrammus",0,"B"
"273","e02490-B","sample","e02490","B",109,22,NA,22,"Boreogadus saida",46096,"B"
"274","e02490-B","sample","e02490","B",109,22,NA,22,"Gadus chalcogrammus",0,"B"
"275","e02490-C","sample","e02490","C",109,22,NA,22,"Boreogadus saida",51817,"B"
"276","e02490-C","sample","e02490","C",109,22,NA,22,"Gadus chalcogrammus",11,"B"
"277","e02491-A","sample","e02491","A",14,22,NA,22,"Boreogadus saida",29465,"B"
"278","e02491-A","sample","e02491","A",14,22,NA,22,"Gadus chalcogrammus",246,"B"
"279","e02491-B","sample","e02491","B",14,22,NA,22,"Boreogadus saida",64456,"B"
"280","e02491-B","sample","e02491","B",14,22,NA,22,"Gadus chalcogrammus",750,"B"
"281","e02491-C","sample","e02491","C",14,22,NA,22,"Boreogadus saida",60324,"B"
"282","e02491-C","sample","e02491","C",14,22,NA,22,"Gadus chalcogrammus",459,"B"
"283","e02492-A","sample","e02492","A",65,22,NA,22,"Boreogadus saida",23239,"B"
"284","e02492-A","sample","e02492","A",65,22,NA,22,"Gadus chalcogrammus",0,"B"
"285","e02492-B","sample","e02492","B",65,22,NA,22,"Boreogadus saida",44696,"B"
"286","e02492-B","sample","e02492","B",65,22,NA,22,"Gadus chalcogrammus",0,"B"
"287","e02492-C","sample","e02492","C",65,22,NA,22,"Boreogadus saida",52437,"B"
"288","e02492-C","sample","e02492","C",65,22,NA,22,"Gadus chalcogrammus",0,"B"
"289","e02493-A","sample","e02493","A",64,63,NA,63,"Gadus chalcogrammus",80,"B"
"290","e02493-A","sample","e02493","A",64,63,NA,63,"Gadus macrocephalus",8353,"B"
"291","e02493-B","sample","e02493","B",64,63,NA,63,"Gadus chalcogrammus",65,"B"
"292","e02493-B","sample","e02493","B",64,63,NA,63,"Gadus macrocephalus",7646,"B"
"293","e02493-C","sample","e02493","C",64,63,NA,63,"Gadus chalcogrammus",105,"B"
"294","e02493-C","sample","e02493","C",64,63,NA,63,"Gadus macrocephalus",12347,"B"
"295","e02494-A","sample","e02494","A",36,63,NA,63,"Gadus chalcogrammus",242,"B"
"296","e02494-A","sample","e02494","A",36,63,NA,63,"Gadus macrocephalus",18597,"B"
"297","e02494-B","sample","e02494","B",36,63,NA,63,"Gadus chalcogrammus",501,"B"
"298","e02494-B","sample","e02494","B",36,63,NA,63,"Gadus macrocephalus",25107,"B"
"299","e02494-C","sample","e02494","C",36,63,NA,63,"Gadus chalcogrammus",574,"B"
"300","e02494-C","sample","e02494","C",36,63,NA,63,"Gadus macrocephalus",37935,"B"
"301","e02495-A","sample","e02495","A",251,63,NA,63,"Gadus chalcogrammus",235,"B"
"302","e02495-A","sample","e02495","A",251,63,NA,63,"Gadus macrocephalus",14530,"B"
"303","e02495-B","sample","e02495","B",251,63,NA,63,"Gadus chalcogrammus",424,"B"
"304","e02495-B","sample","e02495","B",251,63,NA,63,"Gadus macrocephalus",33869,"B"
"305","e02495-C","sample","e02495","C",251,63,NA,63,"Gadus chalcogrammus",434,"B"
"306","e02495-C","sample","e02495","C",251,63,NA,63,"Gadus macrocephalus",34344,"B"
"307","e02496-A","sample","e02496","A",234,14,NA,14,"Gadus chalcogrammus",26372,"B"
"308","e02496-A","sample","e02496","A",234,14,NA,14,"Gadus macrocephalus",118,"B"
"309","e02496-B","sample","e02496","B",234,14,NA,14,"Gadus chalcogrammus",52231,"B"
"310","e02496-B","sample","e02496","B",234,14,NA,14,"Gadus macrocephalus",215,"B"
"311","e02496-C","sample","e02496","C",234,14,NA,14,"Gadus chalcogrammus",40726,"B"
"312","e02496-C","sample","e02496","C",234,14,NA,14,"Gadus macrocephalus",108,"B"
"313","e02497-A","sample","e02497","A",272,14,NA,14,"Gadus chalcogrammus",21874,"B"
"314","e02497-A","sample","e02497","A",272,14,NA,14,"Gadus macrocephalus",413,"B"
"315","e02497-B","sample","e02497","B",272,14,NA,14,"Gadus chalcogrammus",48211,"B"
"316","e02497-B","sample","e02497","B",272,14,NA,14,"Gadus macrocephalus",518,"B"
"317","e02497-C","sample","e02497","C",272,14,NA,14,"Gadus chalcogrammus",36596,"B"
"318","e02497-C","sample","e02497","C",272,14,NA,14,"Gadus macrocephalus",539,"B"
"319","e02498-A","sample","e02498","A",150,14,NA,14,"Gadus chalcogrammus",15547,"B"
"320","e02498-A","sample","e02498","A",150,14,NA,14,"Gadus macrocephalus",39,"B"
"321","e02498-B","sample","e02498","B",150,14,NA,14,"Gadus chalcogrammus",42884,"B"
"322","e02498-B","sample","e02498","B",150,14,NA,14,"Gadus macrocephalus",65,"B"
"323","e02498-C","sample","e02498","C",150,14,NA,14,"Gadus chalcogrammus",31335,"B"
"324","e02498-C","sample","e02498","C",150,14,NA,14,"Gadus macrocephalus",86,"B"
"325","e02500-A","sample","e02500","A",254,78,NA,78,"Gadus chalcogrammus",17995,"B"
"326","e02500-A","sample","e02500","A",254,78,NA,78,"Gadus macrocephalus",0,"B"
"327","e02500-B","sample","e02500","B",254,78,NA,78,"Gadus chalcogrammus",37720,"B"
"328","e02500-B","sample","e02500","B",254,78,NA,78,"Gadus macrocephalus",21,"B"
"329","e02500-C","sample","e02500","C",254,78,NA,78,"Gadus chalcogrammus",37508,"B"
"330","e02500-C","sample","e02500","C",254,78,NA,78,"Gadus macrocephalus",45,"B"
"331","e02501-A","sample","e02501","A",73,78,NA,78,"Gadus chalcogrammus",21845,"B"
"332","e02501-A","sample","e02501","A",73,78,NA,78,"Gadus macrocephalus",0,"B"
"333","e02501-B","sample","e02501","B",73,78,NA,78,"Gadus chalcogrammus",52135,"B"
"334","e02501-B","sample","e02501","B",73,78,NA,78,"Gadus macrocephalus",99,"B"
"335","e02501-C","sample","e02501","C",73,78,NA,78,"Gadus chalcogrammus",36979,"B"
"336","e02501-C","sample","e02501","C",73,78,NA,78,"Gadus macrocephalus",26,"B"
