"Sample_ID","sample_type","loc.asv","ASV","reads","extraction_ID","pcr_replicate","alt_ID","tank_ID","station_ID","combined_column"
"e02496-A","sample","14.ASV1","ASV1",26372,"e02496","A","234","14",NA,"14"
"e02496-A","sample","14.ASV2","ASV2",118,"e02496","A","234","14",NA,"14"
"e02496-A","sample","14.ASV13","ASV13",0,"e02496","A","234","14",NA,"14"
"e02497-A","sample","14.ASV1","ASV1",21874,"e02497","A","272","14",NA,"14"
"e02497-A","sample","14.ASV2","ASV2",413,"e02497","A","272","14",NA,"14"
"e02497-A","sample","14.ASV13","ASV13",0,"e02497","A","272","14",NA,"14"
"e02498-A","sample","14.ASV1","ASV1",15547,"e02498","A","150","14",NA,"14"
"e02498-A","sample","14.ASV2","ASV2",39,"e02498","A","150","14",NA,"14"
"e02498-A","sample","14.ASV13","ASV13",0,"e02498","A","150","14",NA,"14"
"e02496-B","sample","14.ASV1","ASV1",52231,"e02496","B","234","14",NA,"14"
"e02496-B","sample","14.ASV2","ASV2",215,"e02496","B","234","14",NA,"14"
"e02496-B","sample","14.ASV13","ASV13",0,"e02496","B","234","14",NA,"14"
"e02497-B","sample","14.ASV1","ASV1",48211,"e02497","B","272","14",NA,"14"
"e02497-B","sample","14.ASV2","ASV2",518,"e02497","B","272","14",NA,"14"
"e02497-B","sample","14.ASV13","ASV13",0,"e02497","B","272","14",NA,"14"
"e02498-B","sample","14.ASV1","ASV1",42884,"e02498","B","150","14",NA,"14"
"e02498-B","sample","14.ASV2","ASV2",65,"e02498","B","150","14",NA,"14"
"e02498-B","sample","14.ASV13","ASV13",0,"e02498","B","150","14",NA,"14"
"e02496-C","sample","14.ASV1","ASV1",40726,"e02496","C","234","14",NA,"14"
"e02496-C","sample","14.ASV2","ASV2",108,"e02496","C","234","14",NA,"14"
"e02496-C","sample","14.ASV13","ASV13",1,"e02496","C","234","14",NA,"14"
"e02497-C","sample","14.ASV1","ASV1",36596,"e02497","C","272","14",NA,"14"
"e02497-C","sample","14.ASV2","ASV2",539,"e02497","C","272","14",NA,"14"
"e02497-C","sample","14.ASV13","ASV13",0,"e02497","C","272","14",NA,"14"
"e02498-C","sample","14.ASV1","ASV1",31335,"e02498","C","150","14",NA,"14"
"e02498-C","sample","14.ASV2","ASV2",86,"e02498","C","150","14",NA,"14"
"e02498-C","sample","14.ASV13","ASV13",0,"e02498","C","150","14",NA,"14"
"e02362-A","sample","2.ASV1","ASV1",4199,"e02362","A","435","2",NA,"2"
"e02362-A","sample","2.ASV3","ASV3",917,"e02362","A","435","2",NA,"2"
"e02362-A","sample","2.ASV4","ASV4",21603,"e02362","A","435","2",NA,"2"
"e02362-A","sample","2.ASV6","ASV6",1583,"e02362","A","435","2",NA,"2"
"e02362-A","sample","2.ASV8","ASV8",65,"e02362","A","435","2",NA,"2"
"e02362-A","sample","2.ASV13","ASV13",2,"e02362","A","435","2",NA,"2"
"e02362-A","sample","2.ASV37","ASV37",0,"e02362","A","435","2",NA,"2"
"e02362-A","sample","2.ASV346","ASV346",0,"e02362","A","435","2",NA,"2"
"e02363-A","sample","2.ASV1","ASV1",3224,"e02363","A","393","2",NA,"2"
"e02363-A","sample","2.ASV3","ASV3",1177,"e02363","A","393","2",NA,"2"
"e02363-A","sample","2.ASV4","ASV4",24024,"e02363","A","393","2",NA,"2"
"e02363-A","sample","2.ASV6","ASV6",2844,"e02363","A","393","2",NA,"2"
"e02363-A","sample","2.ASV8","ASV8",131,"e02363","A","393","2",NA,"2"
"e02363-A","sample","2.ASV13","ASV13",22,"e02363","A","393","2",NA,"2"
"e02363-A","sample","2.ASV37","ASV37",0,"e02363","A","393","2",NA,"2"
"e02363-A","sample","2.ASV346","ASV346",0,"e02363","A","393","2",NA,"2"
"e02366-A","sample","2.ASV1","ASV1",6266,"e02366","A","446","2",NA,"2"
"e02366-A","sample","2.ASV3","ASV3",985,"e02366","A","446","2",NA,"2"
"e02366-A","sample","2.ASV4","ASV4",19928,"e02366","A","446","2",NA,"2"
"e02366-A","sample","2.ASV6","ASV6",1921,"e02366","A","446","2",NA,"2"
"e02366-A","sample","2.ASV8","ASV8",0,"e02366","A","446","2",NA,"2"
"e02366-A","sample","2.ASV13","ASV13",3,"e02366","A","446","2",NA,"2"
"e02366-A","sample","2.ASV37","ASV37",0,"e02366","A","446","2",NA,"2"
"e02366-A","sample","2.ASV346","ASV346",0,"e02366","A","446","2",NA,"2"
"e02362-B","sample","2.ASV1","ASV1",5360,"e02362","B","435","2",NA,"2"
"e02362-B","sample","2.ASV3","ASV3",772,"e02362","B","435","2",NA,"2"
"e02362-B","sample","2.ASV4","ASV4",25224,"e02362","B","435","2",NA,"2"
"e02362-B","sample","2.ASV6","ASV6",1658,"e02362","B","435","2",NA,"2"
"e02362-B","sample","2.ASV8","ASV8",0,"e02362","B","435","2",NA,"2"
"e02362-B","sample","2.ASV13","ASV13",2,"e02362","B","435","2",NA,"2"
"e02362-B","sample","2.ASV37","ASV37",0,"e02362","B","435","2",NA,"2"
"e02362-B","sample","2.ASV346","ASV346",15,"e02362","B","435","2",NA,"2"
"e02363-B","sample","2.ASV1","ASV1",3132,"e02363","B","393","2",NA,"2"
"e02363-B","sample","2.ASV3","ASV3",788,"e02363","B","393","2",NA,"2"
"e02363-B","sample","2.ASV4","ASV4",20471,"e02363","B","393","2",NA,"2"
"e02363-B","sample","2.ASV6","ASV6",1493,"e02363","B","393","2",NA,"2"
"e02363-B","sample","2.ASV8","ASV8",0,"e02363","B","393","2",NA,"2"
"e02363-B","sample","2.ASV13","ASV13",8,"e02363","B","393","2",NA,"2"
"e02363-B","sample","2.ASV37","ASV37",0,"e02363","B","393","2",NA,"2"
"e02363-B","sample","2.ASV346","ASV346",0,"e02363","B","393","2",NA,"2"
"e02366-B","sample","2.ASV1","ASV1",8403,"e02366","B","446","2",NA,"2"
"e02366-B","sample","2.ASV3","ASV3",675,"e02366","B","446","2",NA,"2"
"e02366-B","sample","2.ASV4","ASV4",27916,"e02366","B","446","2",NA,"2"
"e02366-B","sample","2.ASV6","ASV6",1928,"e02366","B","446","2",NA,"2"
"e02366-B","sample","2.ASV8","ASV8",0,"e02366","B","446","2",NA,"2"
"e02366-B","sample","2.ASV13","ASV13",4,"e02366","B","446","2",NA,"2"
"e02366-B","sample","2.ASV37","ASV37",404,"e02366","B","446","2",NA,"2"
"e02366-B","sample","2.ASV346","ASV346",0,"e02366","B","446","2",NA,"2"
"e02362-C","sample","2.ASV1","ASV1",6283,"e02362","C","435","2",NA,"2"
"e02362-C","sample","2.ASV3","ASV3",882,"e02362","C","435","2",NA,"2"
"e02362-C","sample","2.ASV4","ASV4",30106,"e02362","C","435","2",NA,"2"
"e02362-C","sample","2.ASV6","ASV6",2380,"e02362","C","435","2",NA,"2"
"e02362-C","sample","2.ASV8","ASV8",0,"e02362","C","435","2",NA,"2"
"e02362-C","sample","2.ASV13","ASV13",8,"e02362","C","435","2",NA,"2"
"e02362-C","sample","2.ASV37","ASV37",0,"e02362","C","435","2",NA,"2"
"e02362-C","sample","2.ASV346","ASV346",0,"e02362","C","435","2",NA,"2"
"e02363-C","sample","2.ASV1","ASV1",3041,"e02363","C","393","2",NA,"2"
"e02363-C","sample","2.ASV3","ASV3",751,"e02363","C","393","2",NA,"2"
"e02363-C","sample","2.ASV4","ASV4",25678,"e02363","C","393","2",NA,"2"
"e02363-C","sample","2.ASV6","ASV6",2315,"e02363","C","393","2",NA,"2"
"e02363-C","sample","2.ASV8","ASV8",0,"e02363","C","393","2",NA,"2"
"e02363-C","sample","2.ASV13","ASV13",4,"e02363","C","393","2",NA,"2"
"e02363-C","sample","2.ASV37","ASV37",0,"e02363","C","393","2",NA,"2"
"e02363-C","sample","2.ASV346","ASV346",0,"e02363","C","393","2",NA,"2"
"e02366-C","sample","2.ASV1","ASV1",7542,"e02366","C","446","2",NA,"2"
"e02366-C","sample","2.ASV3","ASV3",353,"e02366","C","446","2",NA,"2"
"e02366-C","sample","2.ASV4","ASV4",28056,"e02366","C","446","2",NA,"2"
"e02366-C","sample","2.ASV6","ASV6",2173,"e02366","C","446","2",NA,"2"
"e02366-C","sample","2.ASV8","ASV8",121,"e02366","C","446","2",NA,"2"
"e02366-C","sample","2.ASV13","ASV13",3,"e02366","C","446","2",NA,"2"
"e02366-C","sample","2.ASV37","ASV37",436,"e02366","C","446","2",NA,"2"
"e02366-C","sample","2.ASV346","ASV346",0,"e02366","C","446","2",NA,"2"
"e02490-A","sample","22.ASV1","ASV1",0,"e02490","A","109","22",NA,"22"
"e02490-A","sample","22.ASV3","ASV3",22227,"e02490","A","109","22",NA,"22"
"e02490-A","sample","22.ASV8","ASV8",1110,"e02490","A","109","22",NA,"22"
"e02490-A","sample","22.ASV13","ASV13",0,"e02490","A","109","22",NA,"22"
"e02490-A","sample","22.ASV124","ASV124",0,"e02490","A","109","22",NA,"22"
"e02491-A","sample","22.ASV1","ASV1",246,"e02491","A","14","22",NA,"22"
"e02491-A","sample","22.ASV3","ASV3",28190,"e02491","A","14","22",NA,"22"
"e02491-A","sample","22.ASV8","ASV8",1275,"e02491","A","14","22",NA,"22"
"e02491-A","sample","22.ASV13","ASV13",0,"e02491","A","14","22",NA,"22"
"e02491-A","sample","22.ASV124","ASV124",0,"e02491","A","14","22",NA,"22"
"e02492-A","sample","22.ASV1","ASV1",0,"e02492","A","65","22",NA,"22"
"e02492-A","sample","22.ASV3","ASV3",22230,"e02492","A","65","22",NA,"22"
"e02492-A","sample","22.ASV8","ASV8",1009,"e02492","A","65","22",NA,"22"
"e02492-A","sample","22.ASV13","ASV13",0,"e02492","A","65","22",NA,"22"
"e02492-A","sample","22.ASV124","ASV124",0,"e02492","A","65","22",NA,"22"
"e02490-B","sample","22.ASV1","ASV1",0,"e02490","B","109","22",NA,"22"
"e02490-B","sample","22.ASV3","ASV3",43590,"e02490","B","109","22",NA,"22"
"e02490-B","sample","22.ASV8","ASV8",2506,"e02490","B","109","22",NA,"22"
"e02490-B","sample","22.ASV13","ASV13",0,"e02490","B","109","22",NA,"22"
"e02490-B","sample","22.ASV124","ASV124",0,"e02490","B","109","22",NA,"22"
"e02491-B","sample","22.ASV1","ASV1",412,"e02491","B","14","22",NA,"22"
"e02491-B","sample","22.ASV3","ASV3",61292,"e02491","B","14","22",NA,"22"
"e02491-B","sample","22.ASV8","ASV8",3164,"e02491","B","14","22",NA,"22"
"e02491-B","sample","22.ASV13","ASV13",0,"e02491","B","14","22",NA,"22"
"e02491-B","sample","22.ASV124","ASV124",338,"e02491","B","14","22",NA,"22"
"e02492-B","sample","22.ASV1","ASV1",0,"e02492","B","65","22",NA,"22"
"e02492-B","sample","22.ASV3","ASV3",42007,"e02492","B","65","22",NA,"22"
"e02492-B","sample","22.ASV8","ASV8",2689,"e02492","B","65","22",NA,"22"
"e02492-B","sample","22.ASV13","ASV13",0,"e02492","B","65","22",NA,"22"
"e02492-B","sample","22.ASV124","ASV124",0,"e02492","B","65","22",NA,"22"
"e02490-C","sample","22.ASV1","ASV1",11,"e02490","C","109","22",NA,"22"
"e02490-C","sample","22.ASV3","ASV3",48352,"e02490","C","109","22",NA,"22"
"e02490-C","sample","22.ASV8","ASV8",3465,"e02490","C","109","22",NA,"22"
"e02490-C","sample","22.ASV13","ASV13",0,"e02490","C","109","22",NA,"22"
"e02490-C","sample","22.ASV124","ASV124",0,"e02490","C","109","22",NA,"22"
"e02491-C","sample","22.ASV1","ASV1",459,"e02491","C","14","22",NA,"22"
"e02491-C","sample","22.ASV3","ASV3",57528,"e02491","C","14","22",NA,"22"
"e02491-C","sample","22.ASV8","ASV8",2796,"e02491","C","14","22",NA,"22"
"e02491-C","sample","22.ASV13","ASV13",22,"e02491","C","14","22",NA,"22"
"e02491-C","sample","22.ASV124","ASV124",0,"e02491","C","14","22",NA,"22"
"e02492-C","sample","22.ASV1","ASV1",0,"e02492","C","65","22",NA,"22"
"e02492-C","sample","22.ASV3","ASV3",50489,"e02492","C","65","22",NA,"22"
"e02492-C","sample","22.ASV8","ASV8",1948,"e02492","C","65","22",NA,"22"
"e02492-C","sample","22.ASV13","ASV13",0,"e02492","C","65","22",NA,"22"
"e02492-C","sample","22.ASV124","ASV124",0,"e02492","C","65","22",NA,"22"
"e02474-A","sample","38.ASV3","ASV3",7971,"e02474","A","304","38",NA,"38"
"e02474-A","sample","38.ASV6","ASV6",8172,"e02474","A","304","38",NA,"38"
"e02474-A","sample","38.ASV8","ASV8",0,"e02474","A","304","38",NA,"38"
"e02474-A","sample","38.ASV13","ASV13",175,"e02474","A","304","38",NA,"38"
"e02474-A","sample","38.ASV125","ASV125",0,"e02474","A","304","38",NA,"38"
"e02474-A","sample","38.ASV137","ASV137",0,"e02474","A","304","38",NA,"38"
"e02474-A","sample","38.ASV140","ASV140",0,"e02474","A","304","38",NA,"38"
"e02474-A","sample","38.ASV182","ASV182",0,"e02474","A","304","38",NA,"38"
"e02474-A","sample","38.ASV205","ASV205",0,"e02474","A","304","38",NA,"38"
"e02474-A","sample","38.ASV208","ASV208",0,"e02474","A","304","38",NA,"38"
"e02474-B","sample","38.ASV3","ASV3",37967,"e02474","B","304","38",NA,"38"
"e02474-B","sample","38.ASV6","ASV6",16789,"e02474","B","304","38",NA,"38"
"e02474-B","sample","38.ASV8","ASV8",830,"e02474","B","304","38",NA,"38"
"e02474-B","sample","38.ASV13","ASV13",218,"e02474","B","304","38",NA,"38"
"e02474-B","sample","38.ASV125","ASV125",0,"e02474","B","304","38",NA,"38"
"e02474-B","sample","38.ASV137","ASV137",304,"e02474","B","304","38",NA,"38"
"e02474-B","sample","38.ASV140","ASV140",0,"e02474","B","304","38",NA,"38"
"e02474-B","sample","38.ASV182","ASV182",0,"e02474","B","304","38",NA,"38"
"e02474-B","sample","38.ASV205","ASV205",176,"e02474","B","304","38",NA,"38"
"e02474-B","sample","38.ASV208","ASV208",175,"e02474","B","304","38",NA,"38"
"e02474-C","sample","38.ASV3","ASV3",7526,"e02474","C","304","38",NA,"38"
"e02474-C","sample","38.ASV6","ASV6",8405,"e02474","C","304","38",NA,"38"
"e02474-C","sample","38.ASV8","ASV8",692,"e02474","C","304","38",NA,"38"
"e02474-C","sample","38.ASV13","ASV13",99,"e02474","C","304","38",NA,"38"
"e02474-C","sample","38.ASV125","ASV125",337,"e02474","C","304","38",NA,"38"
"e02474-C","sample","38.ASV137","ASV137",0,"e02474","C","304","38",NA,"38"
"e02474-C","sample","38.ASV140","ASV140",291,"e02474","C","304","38",NA,"38"
"e02474-C","sample","38.ASV182","ASV182",205,"e02474","C","304","38",NA,"38"
"e02474-C","sample","38.ASV205","ASV205",0,"e02474","C","304","38",NA,"38"
"e02474-C","sample","38.ASV208","ASV208",0,"e02474","C","304","38",NA,"38"
"e02370-A","sample","39.ASV1","ASV1",3450,"e02370","A","81","39",NA,"39"
"e02370-A","sample","39.ASV2","ASV2",4814,"e02370","A","81","39",NA,"39"
"e02370-A","sample","39.ASV3","ASV3",3904,"e02370","A","81","39",NA,"39"
"e02370-A","sample","39.ASV4","ASV4",14106,"e02370","A","81","39",NA,"39"
"e02370-A","sample","39.ASV6","ASV6",2552,"e02370","A","81","39",NA,"39"
"e02370-A","sample","39.ASV8","ASV8",0,"e02370","A","81","39",NA,"39"
"e02370-A","sample","39.ASV11","ASV11",1501,"e02370","A","81","39",NA,"39"
"e02370-A","sample","39.ASV13","ASV13",51,"e02370","A","81","39",NA,"39"
"e02374-A","sample","39.ASV1","ASV1",5569,"e02374","A","360","39",NA,"39"
"e02374-A","sample","39.ASV2","ASV2",7292,"e02374","A","360","39",NA,"39"
"e02374-A","sample","39.ASV3","ASV3",5925,"e02374","A","360","39",NA,"39"
"e02374-A","sample","39.ASV4","ASV4",19618,"e02374","A","360","39",NA,"39"
"e02374-A","sample","39.ASV6","ASV6",3870,"e02374","A","360","39",NA,"39"
"e02374-A","sample","39.ASV8","ASV8",251,"e02374","A","360","39",NA,"39"
"e02374-A","sample","39.ASV11","ASV11",2310,"e02374","A","360","39",NA,"39"
"e02374-A","sample","39.ASV13","ASV13",79,"e02374","A","360","39",NA,"39"
"e02375-A","sample","39.ASV1","ASV1",3415,"e02375","A","8","39",NA,"39"
"e02375-A","sample","39.ASV2","ASV2",5263,"e02375","A","8","39",NA,"39"
"e02375-A","sample","39.ASV3","ASV3",4247,"e02375","A","8","39",NA,"39"
"e02375-A","sample","39.ASV4","ASV4",11981,"e02375","A","8","39",NA,"39"
"e02375-A","sample","39.ASV6","ASV6",2735,"e02375","A","8","39",NA,"39"
"e02375-A","sample","39.ASV8","ASV8",217,"e02375","A","8","39",NA,"39"
"e02375-A","sample","39.ASV11","ASV11",2273,"e02375","A","8","39",NA,"39"
"e02375-A","sample","39.ASV13","ASV13",70,"e02375","A","8","39",NA,"39"
"e02370-B","sample","39.ASV1","ASV1",3671,"e02370","B","81","39",NA,"39"
"e02370-B","sample","39.ASV2","ASV2",5413,"e02370","B","81","39",NA,"39"
"e02370-B","sample","39.ASV3","ASV3",3123,"e02370","B","81","39",NA,"39"
"e02370-B","sample","39.ASV4","ASV4",14517,"e02370","B","81","39",NA,"39"
"e02370-B","sample","39.ASV6","ASV6",2754,"e02370","B","81","39",NA,"39"
"e02370-B","sample","39.ASV8","ASV8",73,"e02370","B","81","39",NA,"39"
"e02370-B","sample","39.ASV11","ASV11",1421,"e02370","B","81","39",NA,"39"
"e02370-B","sample","39.ASV13","ASV13",62,"e02370","B","81","39",NA,"39"
"e02374-B","sample","39.ASV1","ASV1",4785,"e02374","B","360","39",NA,"39"
"e02374-B","sample","39.ASV2","ASV2",5945,"e02374","B","360","39",NA,"39"
"e02374-B","sample","39.ASV3","ASV3",3516,"e02374","B","360","39",NA,"39"
"e02374-B","sample","39.ASV4","ASV4",16164,"e02374","B","360","39",NA,"39"
"e02374-B","sample","39.ASV6","ASV6",2639,"e02374","B","360","39",NA,"39"
"e02374-B","sample","39.ASV8","ASV8",157,"e02374","B","360","39",NA,"39"
"e02374-B","sample","39.ASV11","ASV11",1875,"e02374","B","360","39",NA,"39"
"e02374-B","sample","39.ASV13","ASV13",25,"e02374","B","360","39",NA,"39"
"e02375-B","sample","39.ASV1","ASV1",1838,"e02375","B","8","39",NA,"39"
"e02375-B","sample","39.ASV2","ASV2",2291,"e02375","B","8","39",NA,"39"
"e02375-B","sample","39.ASV3","ASV3",1931,"e02375","B","8","39",NA,"39"
"e02375-B","sample","39.ASV4","ASV4",5454,"e02375","B","8","39",NA,"39"
"e02375-B","sample","39.ASV6","ASV6",1270,"e02375","B","8","39",NA,"39"
"e02375-B","sample","39.ASV8","ASV8",0,"e02375","B","8","39",NA,"39"
"e02375-B","sample","39.ASV11","ASV11",891,"e02375","B","8","39",NA,"39"
"e02375-B","sample","39.ASV13","ASV13",37,"e02375","B","8","39",NA,"39"
"e02370-C","sample","39.ASV1","ASV1",4492,"e02370","C","81","39",NA,"39"
"e02370-C","sample","39.ASV2","ASV2",8001,"e02370","C","81","39",NA,"39"
"e02370-C","sample","39.ASV3","ASV3",4215,"e02370","C","81","39",NA,"39"
"e02370-C","sample","39.ASV4","ASV4",20883,"e02370","C","81","39",NA,"39"
"e02370-C","sample","39.ASV6","ASV6",3424,"e02370","C","81","39",NA,"39"
"e02370-C","sample","39.ASV8","ASV8",0,"e02370","C","81","39",NA,"39"
"e02370-C","sample","39.ASV11","ASV11",2309,"e02370","C","81","39",NA,"39"
"e02370-C","sample","39.ASV13","ASV13",71,"e02370","C","81","39",NA,"39"
"e02374-C","sample","39.ASV1","ASV1",6955,"e02374","C","360","39",NA,"39"
"e02374-C","sample","39.ASV2","ASV2",8110,"e02374","C","360","39",NA,"39"
"e02374-C","sample","39.ASV3","ASV3",3804,"e02374","C","360","39",NA,"39"
"e02374-C","sample","39.ASV4","ASV4",20998,"e02374","C","360","39",NA,"39"
"e02374-C","sample","39.ASV6","ASV6",3891,"e02374","C","360","39",NA,"39"
"e02374-C","sample","39.ASV8","ASV8",180,"e02374","C","360","39",NA,"39"
"e02374-C","sample","39.ASV11","ASV11",1969,"e02374","C","360","39",NA,"39"
"e02374-C","sample","39.ASV13","ASV13",70,"e02374","C","360","39",NA,"39"
"e02375-C","sample","39.ASV1","ASV1",4023,"e02375","C","8","39",NA,"39"
"e02375-C","sample","39.ASV2","ASV2",4209,"e02375","C","8","39",NA,"39"
"e02375-C","sample","39.ASV3","ASV3",2622,"e02375","C","8","39",NA,"39"
"e02375-C","sample","39.ASV4","ASV4",10406,"e02375","C","8","39",NA,"39"
"e02375-C","sample","39.ASV6","ASV6",2152,"e02375","C","8","39",NA,"39"
"e02375-C","sample","39.ASV8","ASV8",99,"e02375","C","8","39",NA,"39"
"e02375-C","sample","39.ASV11","ASV11",2028,"e02375","C","8","39",NA,"39"
"e02375-C","sample","39.ASV13","ASV13",50,"e02375","C","8","39",NA,"39"
"e02450-A","sample","46.ASV1","ASV1",2635,"e02450","A","239","46",NA,"46"
"e02450-A","sample","46.ASV2","ASV2",14874,"e02450","A","239","46",NA,"46"
"e02450-A","sample","46.ASV3","ASV3",3527,"e02450","A","239","46",NA,"46"
"e02450-A","sample","46.ASV8","ASV8",0,"e02450","A","239","46",NA,"46"
"e02450-A","sample","46.ASV13","ASV13",147,"e02450","A","239","46",NA,"46"
"e02450-A","sample","46.ASV339","ASV339",0,"e02450","A","239","46",NA,"46"
"e02452-A","sample","46.ASV1","ASV1",2816,"e02452","A","473","46",NA,"46"
"e02452-A","sample","46.ASV2","ASV2",17869,"e02452","A","473","46",NA,"46"
"e02452-A","sample","46.ASV3","ASV3",4860,"e02452","A","473","46",NA,"46"
"e02452-A","sample","46.ASV8","ASV8",0,"e02452","A","473","46",NA,"46"
"e02452-A","sample","46.ASV13","ASV13",164,"e02452","A","473","46",NA,"46"
"e02452-A","sample","46.ASV339","ASV339",0,"e02452","A","473","46",NA,"46"
"e02453-A","sample","46.ASV1","ASV1",5509,"e02453","A","45","46",NA,"46"
"e02453-A","sample","46.ASV2","ASV2",17326,"e02453","A","45","46",NA,"46"
"e02453-A","sample","46.ASV3","ASV3",4558,"e02453","A","45","46",NA,"46"
"e02453-A","sample","46.ASV8","ASV8",0,"e02453","A","45","46",NA,"46"
"e02453-A","sample","46.ASV13","ASV13",184,"e02453","A","45","46",NA,"46"
"e02453-A","sample","46.ASV339","ASV339",0,"e02453","A","45","46",NA,"46"
"e02450-B","sample","46.ASV1","ASV1",5318,"e02450","B","239","46",NA,"46"
"e02450-B","sample","46.ASV2","ASV2",31138,"e02450","B","239","46",NA,"46"
"e02450-B","sample","46.ASV3","ASV3",6806,"e02450","B","239","46",NA,"46"
"e02450-B","sample","46.ASV8","ASV8",0,"e02450","B","239","46",NA,"46"
"e02450-B","sample","46.ASV13","ASV13",314,"e02450","B","239","46",NA,"46"
"e02450-B","sample","46.ASV339","ASV339",0,"e02450","B","239","46",NA,"46"
"e02452-B","sample","46.ASV1","ASV1",3547,"e02452","B","473","46",NA,"46"
"e02452-B","sample","46.ASV2","ASV2",20379,"e02452","B","473","46",NA,"46"
"e02452-B","sample","46.ASV3","ASV3",4571,"e02452","B","473","46",NA,"46"
"e02452-B","sample","46.ASV8","ASV8",0,"e02452","B","473","46",NA,"46"
"e02452-B","sample","46.ASV13","ASV13",223,"e02452","B","473","46",NA,"46"
"e02452-B","sample","46.ASV339","ASV339",0,"e02452","B","473","46",NA,"46"
"e02453-B","sample","46.ASV1","ASV1",7372,"e02453","B","45","46",NA,"46"
"e02453-B","sample","46.ASV2","ASV2",22556,"e02453","B","45","46",NA,"46"
"e02453-B","sample","46.ASV3","ASV3",5104,"e02453","B","45","46",NA,"46"
"e02453-B","sample","46.ASV8","ASV8",0,"e02453","B","45","46",NA,"46"
"e02453-B","sample","46.ASV13","ASV13",188,"e02453","B","45","46",NA,"46"
"e02453-B","sample","46.ASV339","ASV339",0,"e02453","B","45","46",NA,"46"
"e02450-C","sample","46.ASV1","ASV1",4440,"e02450","C","239","46",NA,"46"
"e02450-C","sample","46.ASV2","ASV2",25608,"e02450","C","239","46",NA,"46"
"e02450-C","sample","46.ASV3","ASV3",4989,"e02450","C","239","46",NA,"46"
"e02450-C","sample","46.ASV8","ASV8",0,"e02450","C","239","46",NA,"46"
"e02450-C","sample","46.ASV13","ASV13",251,"e02450","C","239","46",NA,"46"
"e02450-C","sample","46.ASV339","ASV339",22,"e02450","C","239","46",NA,"46"
"e02452-C","sample","46.ASV1","ASV1",4228,"e02452","C","473","46",NA,"46"
"e02452-C","sample","46.ASV2","ASV2",21858,"e02452","C","473","46",NA,"46"
"e02452-C","sample","46.ASV3","ASV3",5763,"e02452","C","473","46",NA,"46"
"e02452-C","sample","46.ASV8","ASV8",0,"e02452","C","473","46",NA,"46"
"e02452-C","sample","46.ASV13","ASV13",245,"e02452","C","473","46",NA,"46"
"e02452-C","sample","46.ASV339","ASV339",0,"e02452","C","473","46",NA,"46"
"e02453-C","sample","46.ASV1","ASV1",7230,"e02453","C","45","46",NA,"46"
"e02453-C","sample","46.ASV2","ASV2",25367,"e02453","C","45","46",NA,"46"
"e02453-C","sample","46.ASV3","ASV3",6773,"e02453","C","45","46",NA,"46"
"e02453-C","sample","46.ASV8","ASV8",94,"e02453","C","45","46",NA,"46"
"e02453-C","sample","46.ASV13","ASV13",270,"e02453","C","45","46",NA,"46"
"e02453-C","sample","46.ASV339","ASV339",0,"e02453","C","45","46",NA,"46"
"e02459-A","sample","49.ASV2","ASV2",0,"e02459","A","449","49",NA,"49"
"e02459-A","sample","49.ASV3","ASV3",103,"e02459","A","449","49",NA,"49"
"e02459-A","sample","49.ASV4","ASV4",25197,"e02459","A","449","49",NA,"49"
"e02459-A","sample","49.ASV6","ASV6",0,"e02459","A","449","49",NA,"49"
"e02459-A","sample","49.ASV13","ASV13",0,"e02459","A","449","49",NA,"49"
"e02459-A","sample","49.ASV37","ASV37",0,"e02459","A","449","49",NA,"49"
"e02459-A","sample","49.ASV126","ASV126",0,"e02459","A","449","49",NA,"49"
"e02459-A","sample","49.ASV284","ASV284",0,"e02459","A","449","49",NA,"49"
"e02459-A","sample","49.ASV365","ASV365",0,"e02459","A","449","49",NA,"49"
"e02460-A","sample","49.ASV2","ASV2",0,"e02460","A","477","49",NA,"49"
"e02460-A","sample","49.ASV3","ASV3",100,"e02460","A","477","49",NA,"49"
"e02460-A","sample","49.ASV4","ASV4",14729,"e02460","A","477","49",NA,"49"
"e02460-A","sample","49.ASV6","ASV6",16,"e02460","A","477","49",NA,"49"
"e02460-A","sample","49.ASV13","ASV13",0,"e02460","A","477","49",NA,"49"
"e02460-A","sample","49.ASV37","ASV37",0,"e02460","A","477","49",NA,"49"
"e02460-A","sample","49.ASV126","ASV126",0,"e02460","A","477","49",NA,"49"
"e02460-A","sample","49.ASV284","ASV284",0,"e02460","A","477","49",NA,"49"
"e02460-A","sample","49.ASV365","ASV365",4,"e02460","A","477","49",NA,"49"
"e02461-A","sample","49.ASV2","ASV2",165,"e02461","A","319","49",NA,"49"
"e02461-A","sample","49.ASV3","ASV3",1503,"e02461","A","319","49",NA,"49"
"e02461-A","sample","49.ASV4","ASV4",16300,"e02461","A","319","49",NA,"49"
"e02461-A","sample","49.ASV6","ASV6",0,"e02461","A","319","49",NA,"49"
"e02461-A","sample","49.ASV13","ASV13",1,"e02461","A","319","49",NA,"49"
"e02461-A","sample","49.ASV37","ASV37",0,"e02461","A","319","49",NA,"49"
"e02461-A","sample","49.ASV126","ASV126",0,"e02461","A","319","49",NA,"49"
"e02461-A","sample","49.ASV284","ASV284",0,"e02461","A","319","49",NA,"49"
"e02461-A","sample","49.ASV365","ASV365",0,"e02461","A","319","49",NA,"49"
"e02459-B","sample","49.ASV2","ASV2",291,"e02459","B","449","49",NA,"49"
"e02459-B","sample","49.ASV3","ASV3",253,"e02459","B","449","49",NA,"49"
"e02459-B","sample","49.ASV4","ASV4",44608,"e02459","B","449","49",NA,"49"
"e02459-B","sample","49.ASV6","ASV6",0,"e02459","B","449","49",NA,"49"
"e02459-B","sample","49.ASV13","ASV13",0,"e02459","B","449","49",NA,"49"
"e02459-B","sample","49.ASV37","ASV37",662,"e02459","B","449","49",NA,"49"
"e02459-B","sample","49.ASV126","ASV126",0,"e02459","B","449","49",NA,"49"
"e02459-B","sample","49.ASV284","ASV284",0,"e02459","B","449","49",NA,"49"
"e02459-B","sample","49.ASV365","ASV365",0,"e02459","B","449","49",NA,"49"
"e02460-B","sample","49.ASV2","ASV2",0,"e02460","B","477","49",NA,"49"
"e02460-B","sample","49.ASV3","ASV3",8,"e02460","B","477","49",NA,"49"
"e02460-B","sample","49.ASV4","ASV4",31484,"e02460","B","477","49",NA,"49"
"e02460-B","sample","49.ASV6","ASV6",0,"e02460","B","477","49",NA,"49"
"e02460-B","sample","49.ASV13","ASV13",0,"e02460","B","477","49",NA,"49"
"e02460-B","sample","49.ASV37","ASV37",0,"e02460","B","477","49",NA,"49"
"e02460-B","sample","49.ASV126","ASV126",0,"e02460","B","477","49",NA,"49"
"e02460-B","sample","49.ASV284","ASV284",0,"e02460","B","477","49",NA,"49"
"e02460-B","sample","49.ASV365","ASV365",0,"e02460","B","477","49",NA,"49"
"e02461-B","sample","49.ASV2","ASV2",0,"e02461","B","319","49",NA,"49"
"e02461-B","sample","49.ASV3","ASV3",1660,"e02461","B","319","49",NA,"49"
"e02461-B","sample","49.ASV4","ASV4",29787,"e02461","B","319","49",NA,"49"
"e02461-B","sample","49.ASV6","ASV6",0,"e02461","B","319","49",NA,"49"
"e02461-B","sample","49.ASV13","ASV13",0,"e02461","B","319","49",NA,"49"
"e02461-B","sample","49.ASV37","ASV37",0,"e02461","B","319","49",NA,"49"
"e02461-B","sample","49.ASV126","ASV126",0,"e02461","B","319","49",NA,"49"
"e02461-B","sample","49.ASV284","ASV284",0,"e02461","B","319","49",NA,"49"
"e02461-B","sample","49.ASV365","ASV365",0,"e02461","B","319","49",NA,"49"
"e02459-C","sample","49.ASV2","ASV2",3,"e02459","C","449","49",NA,"49"
"e02459-C","sample","49.ASV3","ASV3",84,"e02459","C","449","49",NA,"49"
"e02459-C","sample","49.ASV4","ASV4",44751,"e02459","C","449","49",NA,"49"
"e02459-C","sample","49.ASV6","ASV6",0,"e02459","C","449","49",NA,"49"
"e02459-C","sample","49.ASV13","ASV13",1,"e02459","C","449","49",NA,"49"
"e02459-C","sample","49.ASV37","ASV37",0,"e02459","C","449","49",NA,"49"
"e02459-C","sample","49.ASV126","ASV126",334,"e02459","C","449","49",NA,"49"
"e02459-C","sample","49.ASV284","ASV284",0,"e02459","C","449","49",NA,"49"
"e02459-C","sample","49.ASV365","ASV365",0,"e02459","C","449","49",NA,"49"
"e02460-C","sample","49.ASV2","ASV2",0,"e02460","C","477","49",NA,"49"
"e02460-C","sample","49.ASV3","ASV3",75,"e02460","C","477","49",NA,"49"
"e02460-C","sample","49.ASV4","ASV4",41540,"e02460","C","477","49",NA,"49"
"e02460-C","sample","49.ASV6","ASV6",0,"e02460","C","477","49",NA,"49"
"e02460-C","sample","49.ASV13","ASV13",0,"e02460","C","477","49",NA,"49"
"e02460-C","sample","49.ASV37","ASV37",684,"e02460","C","477","49",NA,"49"
"e02460-C","sample","49.ASV126","ASV126",0,"e02460","C","477","49",NA,"49"
"e02460-C","sample","49.ASV284","ASV284",0,"e02460","C","477","49",NA,"49"
"e02460-C","sample","49.ASV365","ASV365",0,"e02460","C","477","49",NA,"49"
"e02461-C","sample","49.ASV2","ASV2",0,"e02461","C","319","49",NA,"49"
"e02461-C","sample","49.ASV3","ASV3",1631,"e02461","C","319","49",NA,"49"
"e02461-C","sample","49.ASV4","ASV4",36462,"e02461","C","319","49",NA,"49"
"e02461-C","sample","49.ASV6","ASV6",0,"e02461","C","319","49",NA,"49"
"e02461-C","sample","49.ASV13","ASV13",0,"e02461","C","319","49",NA,"49"
"e02461-C","sample","49.ASV37","ASV37",0,"e02461","C","319","49",NA,"49"
"e02461-C","sample","49.ASV126","ASV126",0,"e02461","C","319","49",NA,"49"
"e02461-C","sample","49.ASV284","ASV284",57,"e02461","C","319","49",NA,"49"
"e02461-C","sample","49.ASV365","ASV365",0,"e02461","C","319","49",NA,"49"
"e02473-B","sample","54.ASV1","ASV1",7,"e02473","B","427","54",NA,"54"
"e02473-B","sample","54.ASV2","ASV2",2,"e02473","B","427","54",NA,"54"
"e02473-B","sample","54.ASV3","ASV3",1212,"e02473","B","427","54",NA,"54"
"e02473-B","sample","54.ASV4","ASV4",0,"e02473","B","427","54",NA,"54"
"e02473-B","sample","54.ASV6","ASV6",0,"e02473","B","427","54",NA,"54"
"e02473-B","sample","54.ASV8","ASV8",0,"e02473","B","427","54",NA,"54"
"e02473-B","sample","54.ASV11","ASV11",0,"e02473","B","427","54",NA,"54"
"e02473-B","sample","54.ASV13","ASV13",1,"e02473","B","427","54",NA,"54"
"e02473-B","sample","54.ASV37","ASV37",0,"e02473","B","427","54",NA,"54"
"e02473-B","sample","54.ASV69","ASV69",0,"e02473","B","427","54",NA,"54"
"e02473-B","sample","54.ASV72","ASV72",0,"e02473","B","427","54",NA,"54"
"e02473-B","sample","54.ASV85","ASV85",0,"e02473","B","427","54",NA,"54"
"e02473-B","sample","54.ASV89","ASV89",0,"e02473","B","427","54",NA,"54"
"e02473-B","sample","54.ASV118","ASV118",0,"e02473","B","427","54",NA,"54"
"e02473-B","sample","54.ASV121","ASV121",0,"e02473","B","427","54",NA,"54"
"e02473-B","sample","54.ASV124","ASV124",0,"e02473","B","427","54",NA,"54"
"e02473-B","sample","54.ASV125","ASV125",0,"e02473","B","427","54",NA,"54"
"e02473-B","sample","54.ASV126","ASV126",0,"e02473","B","427","54",NA,"54"
"e02473-B","sample","54.ASV128","ASV128",0,"e02473","B","427","54",NA,"54"
"e02473-B","sample","54.ASV136","ASV136",0,"e02473","B","427","54",NA,"54"
"e02473-B","sample","54.ASV137","ASV137",0,"e02473","B","427","54",NA,"54"
"e02473-B","sample","54.ASV140","ASV140",0,"e02473","B","427","54",NA,"54"
"e02473-B","sample","54.ASV154","ASV154",0,"e02473","B","427","54",NA,"54"
"e02473-B","sample","54.ASV157","ASV157",0,"e02473","B","427","54",NA,"54"
"e02473-B","sample","54.ASV178","ASV178",0,"e02473","B","427","54",NA,"54"
"e02473-B","sample","54.ASV181","ASV181",0,"e02473","B","427","54",NA,"54"
"e02473-B","sample","54.ASV182","ASV182",0,"e02473","B","427","54",NA,"54"
"e02473-B","sample","54.ASV194","ASV194",0,"e02473","B","427","54",NA,"54"
"e02473-B","sample","54.ASV204","ASV204",0,"e02473","B","427","54",NA,"54"
"e02473-B","sample","54.ASV205","ASV205",0,"e02473","B","427","54",NA,"54"
"e02473-B","sample","54.ASV208","ASV208",0,"e02473","B","427","54",NA,"54"
"e02473-B","sample","54.ASV221","ASV221",0,"e02473","B","427","54",NA,"54"
"e02473-B","sample","54.ASV236","ASV236",0,"e02473","B","427","54",NA,"54"
"e02473-B","sample","54.ASV239","ASV239",0,"e02473","B","427","54",NA,"54"
"e02473-B","sample","54.ASV242","ASV242",0,"e02473","B","427","54",NA,"54"
"e02473-B","sample","54.ASV284","ASV284",0,"e02473","B","427","54",NA,"54"
"e02473-B","sample","54.ASV301","ASV301",0,"e02473","B","427","54",NA,"54"
"e02473-B","sample","54.ASV305","ASV305",0,"e02473","B","427","54",NA,"54"
"e02473-B","sample","54.ASV308","ASV308",0,"e02473","B","427","54",NA,"54"
"e02473-B","sample","54.ASV339","ASV339",0,"e02473","B","427","54",NA,"54"
"e02473-B","sample","54.ASV344","ASV344",0,"e02473","B","427","54",NA,"54"
"e02473-B","sample","54.ASV346","ASV346",0,"e02473","B","427","54",NA,"54"
"e02473-B","sample","54.ASV363","ASV363",0,"e02473","B","427","54",NA,"54"
"e02473-B","sample","54.ASV365","ASV365",0,"e02473","B","427","54",NA,"54"
"e02473-C","sample","54.ASV1","ASV1",0,"e02473","C","427","54",NA,"54"
"e02473-C","sample","54.ASV2","ASV2",7,"e02473","C","427","54",NA,"54"
"e02473-C","sample","54.ASV3","ASV3",1796,"e02473","C","427","54",NA,"54"
"e02473-C","sample","54.ASV4","ASV4",0,"e02473","C","427","54",NA,"54"
"e02473-C","sample","54.ASV6","ASV6",0,"e02473","C","427","54",NA,"54"
"e02473-C","sample","54.ASV8","ASV8",0,"e02473","C","427","54",NA,"54"
"e02473-C","sample","54.ASV11","ASV11",0,"e02473","C","427","54",NA,"54"
"e02473-C","sample","54.ASV13","ASV13",1,"e02473","C","427","54",NA,"54"
"e02473-C","sample","54.ASV37","ASV37",0,"e02473","C","427","54",NA,"54"
"e02473-C","sample","54.ASV69","ASV69",0,"e02473","C","427","54",NA,"54"
"e02473-C","sample","54.ASV72","ASV72",0,"e02473","C","427","54",NA,"54"
"e02473-C","sample","54.ASV85","ASV85",0,"e02473","C","427","54",NA,"54"
"e02473-C","sample","54.ASV89","ASV89",0,"e02473","C","427","54",NA,"54"
"e02473-C","sample","54.ASV118","ASV118",0,"e02473","C","427","54",NA,"54"
"e02473-C","sample","54.ASV121","ASV121",0,"e02473","C","427","54",NA,"54"
"e02473-C","sample","54.ASV124","ASV124",0,"e02473","C","427","54",NA,"54"
"e02473-C","sample","54.ASV125","ASV125",0,"e02473","C","427","54",NA,"54"
"e02473-C","sample","54.ASV126","ASV126",0,"e02473","C","427","54",NA,"54"
"e02473-C","sample","54.ASV128","ASV128",0,"e02473","C","427","54",NA,"54"
"e02473-C","sample","54.ASV136","ASV136",0,"e02473","C","427","54",NA,"54"
"e02473-C","sample","54.ASV137","ASV137",0,"e02473","C","427","54",NA,"54"
"e02473-C","sample","54.ASV140","ASV140",0,"e02473","C","427","54",NA,"54"
"e02473-C","sample","54.ASV154","ASV154",0,"e02473","C","427","54",NA,"54"
"e02473-C","sample","54.ASV157","ASV157",0,"e02473","C","427","54",NA,"54"
"e02473-C","sample","54.ASV178","ASV178",0,"e02473","C","427","54",NA,"54"
"e02473-C","sample","54.ASV181","ASV181",0,"e02473","C","427","54",NA,"54"
"e02473-C","sample","54.ASV182","ASV182",0,"e02473","C","427","54",NA,"54"
"e02473-C","sample","54.ASV194","ASV194",0,"e02473","C","427","54",NA,"54"
"e02473-C","sample","54.ASV204","ASV204",0,"e02473","C","427","54",NA,"54"
"e02473-C","sample","54.ASV205","ASV205",0,"e02473","C","427","54",NA,"54"
"e02473-C","sample","54.ASV208","ASV208",0,"e02473","C","427","54",NA,"54"
"e02473-C","sample","54.ASV221","ASV221",0,"e02473","C","427","54",NA,"54"
"e02473-C","sample","54.ASV236","ASV236",0,"e02473","C","427","54",NA,"54"
"e02473-C","sample","54.ASV239","ASV239",0,"e02473","C","427","54",NA,"54"
"e02473-C","sample","54.ASV242","ASV242",0,"e02473","C","427","54",NA,"54"
"e02473-C","sample","54.ASV284","ASV284",0,"e02473","C","427","54",NA,"54"
"e02473-C","sample","54.ASV301","ASV301",0,"e02473","C","427","54",NA,"54"
"e02473-C","sample","54.ASV305","ASV305",0,"e02473","C","427","54",NA,"54"
"e02473-C","sample","54.ASV308","ASV308",0,"e02473","C","427","54",NA,"54"
"e02473-C","sample","54.ASV339","ASV339",0,"e02473","C","427","54",NA,"54"
"e02473-C","sample","54.ASV344","ASV344",0,"e02473","C","427","54",NA,"54"
"e02473-C","sample","54.ASV346","ASV346",0,"e02473","C","427","54",NA,"54"
"e02473-C","sample","54.ASV363","ASV363",0,"e02473","C","427","54",NA,"54"
"e02473-C","sample","54.ASV365","ASV365",0,"e02473","C","427","54",NA,"54"
"e02458-A","sample","56.ASV1","ASV1",0,"e02458","A","92","56",NA,"56"
"e02458-A","sample","56.ASV2","ASV2",14347,"e02458","A","92","56",NA,"56"
"e02458-A","sample","56.ASV3","ASV3",11356,"e02458","A","92","56",NA,"56"
"e02458-A","sample","56.ASV8","ASV8",181,"e02458","A","92","56",NA,"56"
"e02458-A","sample","56.ASV13","ASV13",378,"e02458","A","92","56",NA,"56"
"e02462-A","sample","56.ASV1","ASV1",0,"e02462","A","365","56",NA,"56"
"e02462-A","sample","56.ASV2","ASV2",17139,"e02462","A","365","56",NA,"56"
"e02462-A","sample","56.ASV3","ASV3",12765,"e02462","A","365","56",NA,"56"
"e02462-A","sample","56.ASV8","ASV8",163,"e02462","A","365","56",NA,"56"
"e02462-A","sample","56.ASV13","ASV13",442,"e02462","A","365","56",NA,"56"
"e02463-A","sample","56.ASV1","ASV1",7,"e02463","A","322","56",NA,"56"
"e02463-A","sample","56.ASV2","ASV2",13068,"e02463","A","322","56",NA,"56"
"e02463-A","sample","56.ASV3","ASV3",9666,"e02463","A","322","56",NA,"56"
"e02463-A","sample","56.ASV8","ASV8",343,"e02463","A","322","56",NA,"56"
"e02463-A","sample","56.ASV13","ASV13",352,"e02463","A","322","56",NA,"56"
"e02458-B","sample","56.ASV1","ASV1",0,"e02458","B","92","56",NA,"56"
"e02458-B","sample","56.ASV2","ASV2",24543,"e02458","B","92","56",NA,"56"
"e02458-B","sample","56.ASV3","ASV3",19273,"e02458","B","92","56",NA,"56"
"e02458-B","sample","56.ASV8","ASV8",272,"e02458","B","92","56",NA,"56"
"e02458-B","sample","56.ASV13","ASV13",809,"e02458","B","92","56",NA,"56"
"e02462-B","sample","56.ASV1","ASV1",0,"e02462","B","365","56",NA,"56"
"e02462-B","sample","56.ASV2","ASV2",23431,"e02462","B","365","56",NA,"56"
"e02462-B","sample","56.ASV3","ASV3",14728,"e02462","B","365","56",NA,"56"
"e02462-B","sample","56.ASV8","ASV8",162,"e02462","B","365","56",NA,"56"
"e02462-B","sample","56.ASV13","ASV13",551,"e02462","B","365","56",NA,"56"
"e02463-B","sample","56.ASV1","ASV1",0,"e02463","B","322","56",NA,"56"
"e02463-B","sample","56.ASV2","ASV2",26253,"e02463","B","322","56",NA,"56"
"e02463-B","sample","56.ASV3","ASV3",16332,"e02463","B","322","56",NA,"56"
"e02463-B","sample","56.ASV8","ASV8",291,"e02463","B","322","56",NA,"56"
"e02463-B","sample","56.ASV13","ASV13",671,"e02463","B","322","56",NA,"56"
"e02458-C","sample","56.ASV1","ASV1",0,"e02458","C","92","56",NA,"56"
"e02458-C","sample","56.ASV2","ASV2",23914,"e02458","C","92","56",NA,"56"
"e02458-C","sample","56.ASV3","ASV3",18202,"e02458","C","92","56",NA,"56"
"e02458-C","sample","56.ASV8","ASV8",0,"e02458","C","92","56",NA,"56"
"e02458-C","sample","56.ASV13","ASV13",662,"e02458","C","92","56",NA,"56"
"e02462-C","sample","56.ASV1","ASV1",0,"e02462","C","365","56",NA,"56"
"e02462-C","sample","56.ASV2","ASV2",27606,"e02462","C","365","56",NA,"56"
"e02462-C","sample","56.ASV3","ASV3",18273,"e02462","C","365","56",NA,"56"
"e02462-C","sample","56.ASV8","ASV8",254,"e02462","C","365","56",NA,"56"
"e02462-C","sample","56.ASV13","ASV13",573,"e02462","C","365","56",NA,"56"
"e02463-C","sample","56.ASV1","ASV1",0,"e02463","C","322","56",NA,"56"
"e02463-C","sample","56.ASV2","ASV2",29818,"e02463","C","322","56",NA,"56"
"e02463-C","sample","56.ASV3","ASV3",17657,"e02463","C","322","56",NA,"56"
"e02463-C","sample","56.ASV8","ASV8",386,"e02463","C","322","56",NA,"56"
"e02463-C","sample","56.ASV13","ASV13",658,"e02463","C","322","56",NA,"56"
"e02480-A","sample","62.ASV1","ASV1",0,"e02480","A","99","62",NA,"62"
"e02480-A","sample","62.ASV2","ASV2",2860,"e02480","A","99","62",NA,"62"
"e02480-A","sample","62.ASV3","ASV3",9287,"e02480","A","99","62",NA,"62"
"e02480-A","sample","62.ASV8","ASV8",733,"e02480","A","99","62",NA,"62"
"e02480-A","sample","62.ASV13","ASV13",96,"e02480","A","99","62",NA,"62"
"e02480-A","sample","62.ASV236","ASV236",0,"e02480","A","99","62",NA,"62"
"e02481-A","sample","62.ASV1","ASV1",0,"e02481","A","76","62",NA,"62"
"e02481-A","sample","62.ASV2","ASV2",8049,"e02481","A","76","62",NA,"62"
"e02481-A","sample","62.ASV3","ASV3",17321,"e02481","A","76","62",NA,"62"
"e02481-A","sample","62.ASV8","ASV8",1368,"e02481","A","76","62",NA,"62"
"e02481-A","sample","62.ASV13","ASV13",256,"e02481","A","76","62",NA,"62"
"e02481-A","sample","62.ASV236","ASV236",0,"e02481","A","76","62",NA,"62"
"e02482-A","sample","62.ASV1","ASV1",0,"e02482","A","428","62",NA,"62"
"e02482-A","sample","62.ASV2","ASV2",3721,"e02482","A","428","62",NA,"62"
"e02482-A","sample","62.ASV3","ASV3",15966,"e02482","A","428","62",NA,"62"
"e02482-A","sample","62.ASV8","ASV8",1356,"e02482","A","428","62",NA,"62"
"e02482-A","sample","62.ASV13","ASV13",113,"e02482","A","428","62",NA,"62"
"e02482-A","sample","62.ASV236","ASV236",0,"e02482","A","428","62",NA,"62"
"e02480-B","sample","62.ASV1","ASV1",0,"e02480","B","99","62",NA,"62"
"e02480-B","sample","62.ASV2","ASV2",7923,"e02480","B","99","62",NA,"62"
"e02480-B","sample","62.ASV3","ASV3",24137,"e02480","B","99","62",NA,"62"
"e02480-B","sample","62.ASV8","ASV8",2585,"e02480","B","99","62",NA,"62"
"e02480-B","sample","62.ASV13","ASV13",231,"e02480","B","99","62",NA,"62"
"e02480-B","sample","62.ASV236","ASV236",0,"e02480","B","99","62",NA,"62"
"e02481-B","sample","62.ASV1","ASV1",0,"e02481","B","76","62",NA,"62"
"e02481-B","sample","62.ASV2","ASV2",17660,"e02481","B","76","62",NA,"62"
"e02481-B","sample","62.ASV3","ASV3",33943,"e02481","B","76","62",NA,"62"
"e02481-B","sample","62.ASV8","ASV8",3164,"e02481","B","76","62",NA,"62"
"e02481-B","sample","62.ASV13","ASV13",541,"e02481","B","76","62",NA,"62"
"e02481-B","sample","62.ASV236","ASV236",0,"e02481","B","76","62",NA,"62"
"e02482-B","sample","62.ASV1","ASV1",0,"e02482","B","428","62",NA,"62"
"e02482-B","sample","62.ASV2","ASV2",10702,"e02482","B","428","62",NA,"62"
"e02482-B","sample","62.ASV3","ASV3",35199,"e02482","B","428","62",NA,"62"
"e02482-B","sample","62.ASV8","ASV8",3078,"e02482","B","428","62",NA,"62"
"e02482-B","sample","62.ASV13","ASV13",337,"e02482","B","428","62",NA,"62"
"e02482-B","sample","62.ASV236","ASV236",129,"e02482","B","428","62",NA,"62"
"e02480-C","sample","62.ASV1","ASV1",57,"e02480","C","99","62",NA,"62"
"e02480-C","sample","62.ASV2","ASV2",7408,"e02480","C","99","62",NA,"62"
"e02480-C","sample","62.ASV3","ASV3",22592,"e02480","C","99","62",NA,"62"
"e02480-C","sample","62.ASV8","ASV8",1968,"e02480","C","99","62",NA,"62"
"e02480-C","sample","62.ASV13","ASV13",250,"e02480","C","99","62",NA,"62"
"e02480-C","sample","62.ASV236","ASV236",0,"e02480","C","99","62",NA,"62"
"e02481-C","sample","62.ASV1","ASV1",0,"e02481","C","76","62",NA,"62"
"e02481-C","sample","62.ASV2","ASV2",11836,"e02481","C","76","62",NA,"62"
"e02481-C","sample","62.ASV3","ASV3",24503,"e02481","C","76","62",NA,"62"
"e02481-C","sample","62.ASV8","ASV8",2250,"e02481","C","76","62",NA,"62"
"e02481-C","sample","62.ASV13","ASV13",374,"e02481","C","76","62",NA,"62"
"e02481-C","sample","62.ASV236","ASV236",0,"e02481","C","76","62",NA,"62"
"e02482-C","sample","62.ASV1","ASV1",0,"e02482","C","428","62",NA,"62"
"e02482-C","sample","62.ASV2","ASV2",9146,"e02482","C","428","62",NA,"62"
"e02482-C","sample","62.ASV3","ASV3",29229,"e02482","C","428","62",NA,"62"
"e02482-C","sample","62.ASV8","ASV8",3233,"e02482","C","428","62",NA,"62"
"e02482-C","sample","62.ASV13","ASV13",263,"e02482","C","428","62",NA,"62"
"e02482-C","sample","62.ASV236","ASV236",0,"e02482","C","428","62",NA,"62"
"e02493-A","sample","63.ASV1","ASV1",80,"e02493","A","64","63",NA,"63"
"e02493-A","sample","63.ASV2","ASV2",8244,"e02493","A","64","63",NA,"63"
"e02493-A","sample","63.ASV4","ASV4",0,"e02493","A","64","63",NA,"63"
"e02493-A","sample","63.ASV6","ASV6",0,"e02493","A","64","63",NA,"63"
"e02493-A","sample","63.ASV11","ASV11",109,"e02493","A","64","63",NA,"63"
"e02493-A","sample","63.ASV308","ASV308",0,"e02493","A","64","63",NA,"63"
"e02493-A","sample","63.ASV363","ASV363",0,"e02493","A","64","63",NA,"63"
"e02494-A","sample","63.ASV1","ASV1",242,"e02494","A","36","63",NA,"63"
"e02494-A","sample","63.ASV2","ASV2",18362,"e02494","A","36","63",NA,"63"
"e02494-A","sample","63.ASV4","ASV4",0,"e02494","A","36","63",NA,"63"
"e02494-A","sample","63.ASV6","ASV6",0,"e02494","A","36","63",NA,"63"
"e02494-A","sample","63.ASV11","ASV11",235,"e02494","A","36","63",NA,"63"
"e02494-A","sample","63.ASV308","ASV308",0,"e02494","A","36","63",NA,"63"
"e02494-A","sample","63.ASV363","ASV363",0,"e02494","A","36","63",NA,"63"
"e02495-A","sample","63.ASV1","ASV1",235,"e02495","A","251","63",NA,"63"
"e02495-A","sample","63.ASV2","ASV2",14283,"e02495","A","251","63",NA,"63"
"e02495-A","sample","63.ASV4","ASV4",0,"e02495","A","251","63",NA,"63"
"e02495-A","sample","63.ASV6","ASV6",0,"e02495","A","251","63",NA,"63"
"e02495-A","sample","63.ASV11","ASV11",247,"e02495","A","251","63",NA,"63"
"e02495-A","sample","63.ASV308","ASV308",0,"e02495","A","251","63",NA,"63"
"e02495-A","sample","63.ASV363","ASV363",0,"e02495","A","251","63",NA,"63"
"e02493-B","sample","63.ASV1","ASV1",65,"e02493","B","64","63",NA,"63"
"e02493-B","sample","63.ASV2","ASV2",7561,"e02493","B","64","63",NA,"63"
"e02493-B","sample","63.ASV4","ASV4",0,"e02493","B","64","63",NA,"63"
"e02493-B","sample","63.ASV6","ASV6",0,"e02493","B","64","63",NA,"63"
"e02493-B","sample","63.ASV11","ASV11",85,"e02493","B","64","63",NA,"63"
"e02493-B","sample","63.ASV308","ASV308",0,"e02493","B","64","63",NA,"63"
"e02493-B","sample","63.ASV363","ASV363",0,"e02493","B","64","63",NA,"63"
"e02494-B","sample","63.ASV1","ASV1",501,"e02494","B","36","63",NA,"63"
"e02494-B","sample","63.ASV2","ASV2",24786,"e02494","B","36","63",NA,"63"
"e02494-B","sample","63.ASV4","ASV4",0,"e02494","B","36","63",NA,"63"
"e02494-B","sample","63.ASV6","ASV6",0,"e02494","B","36","63",NA,"63"
"e02494-B","sample","63.ASV11","ASV11",321,"e02494","B","36","63",NA,"63"
"e02494-B","sample","63.ASV308","ASV308",0,"e02494","B","36","63",NA,"63"
"e02494-B","sample","63.ASV363","ASV363",0,"e02494","B","36","63",NA,"63"
"e02495-B","sample","63.ASV1","ASV1",387,"e02495","B","251","63",NA,"63"
"e02495-B","sample","63.ASV2","ASV2",33434,"e02495","B","251","63",NA,"63"
"e02495-B","sample","63.ASV4","ASV4",37,"e02495","B","251","63",NA,"63"
"e02495-B","sample","63.ASV6","ASV6",0,"e02495","B","251","63",NA,"63"
"e02495-B","sample","63.ASV11","ASV11",435,"e02495","B","251","63",NA,"63"
"e02495-B","sample","63.ASV308","ASV308",0,"e02495","B","251","63",NA,"63"
"e02495-B","sample","63.ASV363","ASV363",6,"e02495","B","251","63",NA,"63"
"e02493-C","sample","63.ASV1","ASV1",105,"e02493","C","64","63",NA,"63"
"e02493-C","sample","63.ASV2","ASV2",12211,"e02493","C","64","63",NA,"63"
"e02493-C","sample","63.ASV4","ASV4",0,"e02493","C","64","63",NA,"63"
"e02493-C","sample","63.ASV6","ASV6",0,"e02493","C","64","63",NA,"63"
"e02493-C","sample","63.ASV11","ASV11",136,"e02493","C","64","63",NA,"63"
"e02493-C","sample","63.ASV308","ASV308",0,"e02493","C","64","63",NA,"63"
"e02493-C","sample","63.ASV363","ASV363",0,"e02493","C","64","63",NA,"63"
"e02494-C","sample","63.ASV1","ASV1",420,"e02494","C","36","63",NA,"63"
"e02494-C","sample","63.ASV2","ASV2",37331,"e02494","C","36","63",NA,"63"
"e02494-C","sample","63.ASV4","ASV4",117,"e02494","C","36","63",NA,"63"
"e02494-C","sample","63.ASV6","ASV6",0,"e02494","C","36","63",NA,"63"
"e02494-C","sample","63.ASV11","ASV11",604,"e02494","C","36","63",NA,"63"
"e02494-C","sample","63.ASV308","ASV308",37,"e02494","C","36","63",NA,"63"
"e02494-C","sample","63.ASV363","ASV363",0,"e02494","C","36","63",NA,"63"
"e02495-C","sample","63.ASV1","ASV1",434,"e02495","C","251","63",NA,"63"
"e02495-C","sample","63.ASV2","ASV2",33602,"e02495","C","251","63",NA,"63"
"e02495-C","sample","63.ASV4","ASV4",0,"e02495","C","251","63",NA,"63"
"e02495-C","sample","63.ASV6","ASV6",341,"e02495","C","251","63",NA,"63"
"e02495-C","sample","63.ASV11","ASV11",401,"e02495","C","251","63",NA,"63"
"e02495-C","sample","63.ASV308","ASV308",0,"e02495","C","251","63",NA,"63"
"e02495-C","sample","63.ASV363","ASV363",0,"e02495","C","251","63",NA,"63"
"e02472-A","sample","70.ASV2","ASV2",867,"e02472","A","235","70",NA,"70"
"e02472-A","sample","70.ASV3","ASV3",2498,"e02472","A","235","70",NA,"70"
"e02472-A","sample","70.ASV6","ASV6",600,"e02472","A","235","70",NA,"70"
"e02472-A","sample","70.ASV8","ASV8",0,"e02472","A","235","70",NA,"70"
"e02472-A","sample","70.ASV13","ASV13",38,"e02472","A","235","70",NA,"70"
"e02472-A","sample","70.ASV69","ASV69",0,"e02472","A","235","70",NA,"70"
"e02472-A","sample","70.ASV72","ASV72",0,"e02472","A","235","70",NA,"70"
"e02472-A","sample","70.ASV128","ASV128",0,"e02472","A","235","70",NA,"70"
"e02472-A","sample","70.ASV154","ASV154",0,"e02472","A","235","70",NA,"70"
"e02472-A","sample","70.ASV157","ASV157",0,"e02472","A","235","70",NA,"70"
"e02472-A","sample","70.ASV204","ASV204",0,"e02472","A","235","70",NA,"70"
"e02472-A","sample","70.ASV221","ASV221",0,"e02472","A","235","70",NA,"70"
"e02472-A","sample","70.ASV239","ASV239",0,"e02472","A","235","70",NA,"70"
"e02478-A","sample","70.ASV2","ASV2",2134,"e02478","A","293","70",NA,"70"
"e02478-A","sample","70.ASV3","ASV3",3538,"e02478","A","293","70",NA,"70"
"e02478-A","sample","70.ASV6","ASV6",1686,"e02478","A","293","70",NA,"70"
"e02478-A","sample","70.ASV8","ASV8",0,"e02478","A","293","70",NA,"70"
"e02478-A","sample","70.ASV13","ASV13",60,"e02478","A","293","70",NA,"70"
"e02478-A","sample","70.ASV69","ASV69",0,"e02478","A","293","70",NA,"70"
"e02478-A","sample","70.ASV72","ASV72",0,"e02478","A","293","70",NA,"70"
"e02478-A","sample","70.ASV128","ASV128",0,"e02478","A","293","70",NA,"70"
"e02478-A","sample","70.ASV154","ASV154",0,"e02478","A","293","70",NA,"70"
"e02478-A","sample","70.ASV157","ASV157",0,"e02478","A","293","70",NA,"70"
"e02478-A","sample","70.ASV204","ASV204",0,"e02478","A","293","70",NA,"70"
"e02478-A","sample","70.ASV221","ASV221",0,"e02478","A","293","70",NA,"70"
"e02478-A","sample","70.ASV239","ASV239",0,"e02478","A","293","70",NA,"70"
"e02479-A","sample","70.ASV2","ASV2",4908,"e02479","A","400","70",NA,"70"
"e02479-A","sample","70.ASV3","ASV3",3630,"e02479","A","400","70",NA,"70"
"e02479-A","sample","70.ASV6","ASV6",2143,"e02479","A","400","70",NA,"70"
"e02479-A","sample","70.ASV8","ASV8",0,"e02479","A","400","70",NA,"70"
"e02479-A","sample","70.ASV13","ASV13",54,"e02479","A","400","70",NA,"70"
"e02479-A","sample","70.ASV69","ASV69",0,"e02479","A","400","70",NA,"70"
"e02479-A","sample","70.ASV72","ASV72",0,"e02479","A","400","70",NA,"70"
"e02479-A","sample","70.ASV128","ASV128",0,"e02479","A","400","70",NA,"70"
"e02479-A","sample","70.ASV154","ASV154",0,"e02479","A","400","70",NA,"70"
"e02479-A","sample","70.ASV157","ASV157",0,"e02479","A","400","70",NA,"70"
"e02479-A","sample","70.ASV204","ASV204",0,"e02479","A","400","70",NA,"70"
"e02479-A","sample","70.ASV221","ASV221",0,"e02479","A","400","70",NA,"70"
"e02479-A","sample","70.ASV239","ASV239",125,"e02479","A","400","70",NA,"70"
"e02472-B","sample","70.ASV2","ASV2",7618,"e02472","B","235","70",NA,"70"
"e02472-B","sample","70.ASV3","ASV3",18594,"e02472","B","235","70",NA,"70"
"e02472-B","sample","70.ASV6","ASV6",4081,"e02472","B","235","70",NA,"70"
"e02472-B","sample","70.ASV8","ASV8",2339,"e02472","B","235","70",NA,"70"
"e02472-B","sample","70.ASV13","ASV13",105,"e02472","B","235","70",NA,"70"
"e02472-B","sample","70.ASV69","ASV69",0,"e02472","B","235","70",NA,"70"
"e02472-B","sample","70.ASV72","ASV72",0,"e02472","B","235","70",NA,"70"
"e02472-B","sample","70.ASV128","ASV128",0,"e02472","B","235","70",NA,"70"
"e02472-B","sample","70.ASV154","ASV154",0,"e02472","B","235","70",NA,"70"
"e02472-B","sample","70.ASV157","ASV157",0,"e02472","B","235","70",NA,"70"
"e02472-B","sample","70.ASV204","ASV204",0,"e02472","B","235","70",NA,"70"
"e02472-B","sample","70.ASV221","ASV221",159,"e02472","B","235","70",NA,"70"
"e02472-B","sample","70.ASV239","ASV239",0,"e02472","B","235","70",NA,"70"
"e02478-B","sample","70.ASV2","ASV2",14184,"e02478","B","293","70",NA,"70"
"e02478-B","sample","70.ASV3","ASV3",16261,"e02478","B","293","70",NA,"70"
"e02478-B","sample","70.ASV6","ASV6",8080,"e02478","B","293","70",NA,"70"
"e02478-B","sample","70.ASV8","ASV8",0,"e02478","B","293","70",NA,"70"
"e02478-B","sample","70.ASV13","ASV13",278,"e02478","B","293","70",NA,"70"
"e02478-B","sample","70.ASV69","ASV69",0,"e02478","B","293","70",NA,"70"
"e02478-B","sample","70.ASV72","ASV72",858,"e02478","B","293","70",NA,"70"
"e02478-B","sample","70.ASV128","ASV128",0,"e02478","B","293","70",NA,"70"
"e02478-B","sample","70.ASV154","ASV154",257,"e02478","B","293","70",NA,"70"
"e02478-B","sample","70.ASV157","ASV157",0,"e02478","B","293","70",NA,"70"
"e02478-B","sample","70.ASV204","ASV204",0,"e02478","B","293","70",NA,"70"
"e02478-B","sample","70.ASV221","ASV221",0,"e02478","B","293","70",NA,"70"
"e02478-B","sample","70.ASV239","ASV239",0,"e02478","B","293","70",NA,"70"
"e02479-B","sample","70.ASV2","ASV2",12725,"e02479","B","400","70",NA,"70"
"e02479-B","sample","70.ASV3","ASV3",13166,"e02479","B","400","70",NA,"70"
"e02479-B","sample","70.ASV6","ASV6",2819,"e02479","B","400","70",NA,"70"
"e02479-B","sample","70.ASV8","ASV8",184,"e02479","B","400","70",NA,"70"
"e02479-B","sample","70.ASV13","ASV13",177,"e02479","B","400","70",NA,"70"
"e02479-B","sample","70.ASV69","ASV69",930,"e02479","B","400","70",NA,"70"
"e02479-B","sample","70.ASV72","ASV72",0,"e02479","B","400","70",NA,"70"
"e02479-B","sample","70.ASV128","ASV128",0,"e02479","B","400","70",NA,"70"
"e02479-B","sample","70.ASV154","ASV154",0,"e02479","B","400","70",NA,"70"
"e02479-B","sample","70.ASV157","ASV157",0,"e02479","B","400","70",NA,"70"
"e02479-B","sample","70.ASV204","ASV204",178,"e02479","B","400","70",NA,"70"
"e02479-B","sample","70.ASV221","ASV221",0,"e02479","B","400","70",NA,"70"
"e02479-B","sample","70.ASV239","ASV239",0,"e02479","B","400","70",NA,"70"
"e02472-C","sample","70.ASV2","ASV2",6422,"e02472","C","235","70",NA,"70"
"e02472-C","sample","70.ASV3","ASV3",19624,"e02472","C","235","70",NA,"70"
"e02472-C","sample","70.ASV6","ASV6",1082,"e02472","C","235","70",NA,"70"
"e02472-C","sample","70.ASV8","ASV8",1225,"e02472","C","235","70",NA,"70"
"e02472-C","sample","70.ASV13","ASV13",152,"e02472","C","235","70",NA,"70"
"e02472-C","sample","70.ASV69","ASV69",0,"e02472","C","235","70",NA,"70"
"e02472-C","sample","70.ASV72","ASV72",0,"e02472","C","235","70",NA,"70"
"e02472-C","sample","70.ASV128","ASV128",0,"e02472","C","235","70",NA,"70"
"e02472-C","sample","70.ASV154","ASV154",0,"e02472","C","235","70",NA,"70"
"e02472-C","sample","70.ASV157","ASV157",0,"e02472","C","235","70",NA,"70"
"e02472-C","sample","70.ASV204","ASV204",0,"e02472","C","235","70",NA,"70"
"e02472-C","sample","70.ASV221","ASV221",0,"e02472","C","235","70",NA,"70"
"e02472-C","sample","70.ASV239","ASV239",0,"e02472","C","235","70",NA,"70"
"e02478-C","sample","70.ASV2","ASV2",4955,"e02478","C","293","70",NA,"70"
"e02478-C","sample","70.ASV3","ASV3",7960,"e02478","C","293","70",NA,"70"
"e02478-C","sample","70.ASV6","ASV6",2244,"e02478","C","293","70",NA,"70"
"e02478-C","sample","70.ASV8","ASV8",0,"e02478","C","293","70",NA,"70"
"e02478-C","sample","70.ASV13","ASV13",52,"e02478","C","293","70",NA,"70"
"e02478-C","sample","70.ASV69","ASV69",0,"e02478","C","293","70",NA,"70"
"e02478-C","sample","70.ASV72","ASV72",0,"e02478","C","293","70",NA,"70"
"e02478-C","sample","70.ASV128","ASV128",326,"e02478","C","293","70",NA,"70"
"e02478-C","sample","70.ASV154","ASV154",0,"e02478","C","293","70",NA,"70"
"e02478-C","sample","70.ASV157","ASV157",248,"e02478","C","293","70",NA,"70"
"e02478-C","sample","70.ASV204","ASV204",0,"e02478","C","293","70",NA,"70"
"e02478-C","sample","70.ASV221","ASV221",0,"e02478","C","293","70",NA,"70"
"e02478-C","sample","70.ASV239","ASV239",0,"e02478","C","293","70",NA,"70"
"e02479-C","sample","70.ASV2","ASV2",11929,"e02479","C","400","70",NA,"70"
"e02479-C","sample","70.ASV3","ASV3",12345,"e02479","C","400","70",NA,"70"
"e02479-C","sample","70.ASV6","ASV6",4093,"e02479","C","400","70",NA,"70"
"e02479-C","sample","70.ASV8","ASV8",0,"e02479","C","400","70",NA,"70"
"e02479-C","sample","70.ASV13","ASV13",198,"e02479","C","400","70",NA,"70"
"e02479-C","sample","70.ASV69","ASV69",0,"e02479","C","400","70",NA,"70"
"e02479-C","sample","70.ASV72","ASV72",0,"e02479","C","400","70",NA,"70"
"e02479-C","sample","70.ASV128","ASV128",0,"e02479","C","400","70",NA,"70"
"e02479-C","sample","70.ASV154","ASV154",0,"e02479","C","400","70",NA,"70"
"e02479-C","sample","70.ASV157","ASV157",0,"e02479","C","400","70",NA,"70"
"e02479-C","sample","70.ASV204","ASV204",0,"e02479","C","400","70",NA,"70"
"e02479-C","sample","70.ASV221","ASV221",0,"e02479","C","400","70",NA,"70"
"e02479-C","sample","70.ASV239","ASV239",0,"e02479","C","400","70",NA,"70"
"e02500-A","sample","78.ASV1","ASV1",17497,"e02500","A","254","78",NA,"78"
"e02500-A","sample","78.ASV2","ASV2",0,"e02500","A","254","78",NA,"78"
"e02500-A","sample","78.ASV4","ASV4",498,"e02500","A","254","78",NA,"78"
"e02501-A","sample","78.ASV1","ASV1",21323,"e02501","A","73","78",NA,"78"
"e02501-A","sample","78.ASV2","ASV2",0,"e02501","A","73","78",NA,"78"
"e02501-A","sample","78.ASV4","ASV4",522,"e02501","A","73","78",NA,"78"
"e02500-B","sample","78.ASV1","ASV1",36661,"e02500","B","254","78",NA,"78"
"e02500-B","sample","78.ASV2","ASV2",21,"e02500","B","254","78",NA,"78"
"e02500-B","sample","78.ASV4","ASV4",1059,"e02500","B","254","78",NA,"78"
"e02501-B","sample","78.ASV1","ASV1",50614,"e02501","B","73","78",NA,"78"
"e02501-B","sample","78.ASV2","ASV2",99,"e02501","B","73","78",NA,"78"
"e02501-B","sample","78.ASV4","ASV4",1521,"e02501","B","73","78",NA,"78"
"e02500-C","sample","78.ASV1","ASV1",36508,"e02500","C","254","78",NA,"78"
"e02500-C","sample","78.ASV2","ASV2",45,"e02500","C","254","78",NA,"78"
"e02500-C","sample","78.ASV4","ASV4",1000,"e02500","C","254","78",NA,"78"
"e02501-C","sample","78.ASV1","ASV1",36261,"e02501","C","73","78",NA,"78"
"e02501-C","sample","78.ASV2","ASV2",26,"e02501","C","73","78",NA,"78"
"e02501-C","sample","78.ASV4","ASV4",718,"e02501","C","73","78",NA,"78"
"e02486-A","sample","80.ASV1","ASV1",0,"e02486","A","329","80",NA,"80"
"e02486-A","sample","80.ASV2","ASV2",4036,"e02486","A","329","80",NA,"80"
"e02486-A","sample","80.ASV3","ASV3",18885,"e02486","A","329","80",NA,"80"
"e02486-A","sample","80.ASV8","ASV8",1274,"e02486","A","329","80",NA,"80"
"e02486-A","sample","80.ASV13","ASV13",180,"e02486","A","329","80",NA,"80"
"e02486-A","sample","80.ASV85","ASV85",0,"e02486","A","329","80",NA,"80"
"e02486-A","sample","80.ASV121","ASV121",0,"e02486","A","329","80",NA,"80"
"e02486-A","sample","80.ASV136","ASV136",0,"e02486","A","329","80",NA,"80"
"e02486-A","sample","80.ASV181","ASV181",0,"e02486","A","329","80",NA,"80"
"e02486-A","sample","80.ASV194","ASV194",188,"e02486","A","329","80",NA,"80"
"e02486-A","sample","80.ASV305","ASV305",0,"e02486","A","329","80",NA,"80"
"e02487-A","sample","80.ASV1","ASV1",0,"e02487","A","200","80",NA,"80"
"e02487-A","sample","80.ASV2","ASV2",6348,"e02487","A","200","80",NA,"80"
"e02487-A","sample","80.ASV3","ASV3",15593,"e02487","A","200","80",NA,"80"
"e02487-A","sample","80.ASV8","ASV8",1026,"e02487","A","200","80",NA,"80"
"e02487-A","sample","80.ASV13","ASV13",210,"e02487","A","200","80",NA,"80"
"e02487-A","sample","80.ASV85","ASV85",0,"e02487","A","200","80",NA,"80"
"e02487-A","sample","80.ASV121","ASV121",0,"e02487","A","200","80",NA,"80"
"e02487-A","sample","80.ASV136","ASV136",0,"e02487","A","200","80",NA,"80"
"e02487-A","sample","80.ASV181","ASV181",0,"e02487","A","200","80",NA,"80"
"e02487-A","sample","80.ASV194","ASV194",0,"e02487","A","200","80",NA,"80"
"e02487-A","sample","80.ASV305","ASV305",0,"e02487","A","200","80",NA,"80"
"e02488-A","sample","80.ASV1","ASV1",8,"e02488","A","353","80",NA,"80"
"e02488-A","sample","80.ASV2","ASV2",2979,"e02488","A","353","80",NA,"80"
"e02488-A","sample","80.ASV3","ASV3",7957,"e02488","A","353","80",NA,"80"
"e02488-A","sample","80.ASV8","ASV8",365,"e02488","A","353","80",NA,"80"
"e02488-A","sample","80.ASV13","ASV13",73,"e02488","A","353","80",NA,"80"
"e02488-A","sample","80.ASV85","ASV85",0,"e02488","A","353","80",NA,"80"
"e02488-A","sample","80.ASV121","ASV121",0,"e02488","A","353","80",NA,"80"
"e02488-A","sample","80.ASV136","ASV136",0,"e02488","A","353","80",NA,"80"
"e02488-A","sample","80.ASV181","ASV181",0,"e02488","A","353","80",NA,"80"
"e02488-A","sample","80.ASV194","ASV194",0,"e02488","A","353","80",NA,"80"
"e02488-A","sample","80.ASV305","ASV305",0,"e02488","A","353","80",NA,"80"
"e02486-B","sample","80.ASV1","ASV1",0,"e02486","B","329","80",NA,"80"
"e02486-B","sample","80.ASV2","ASV2",29685,"e02486","B","329","80",NA,"80"
"e02486-B","sample","80.ASV3","ASV3",97815,"e02486","B","329","80",NA,"80"
"e02486-B","sample","80.ASV8","ASV8",6780,"e02486","B","329","80",NA,"80"
"e02486-B","sample","80.ASV13","ASV13",1043,"e02486","B","329","80",NA,"80"
"e02486-B","sample","80.ASV85","ASV85",0,"e02486","B","329","80",NA,"80"
"e02486-B","sample","80.ASV121","ASV121",0,"e02486","B","329","80",NA,"80"
"e02486-B","sample","80.ASV136","ASV136",0,"e02486","B","329","80",NA,"80"
"e02486-B","sample","80.ASV181","ASV181",0,"e02486","B","329","80",NA,"80"
"e02486-B","sample","80.ASV194","ASV194",0,"e02486","B","329","80",NA,"80"
"e02486-B","sample","80.ASV305","ASV305",0,"e02486","B","329","80",NA,"80"
"e02487-B","sample","80.ASV1","ASV1",0,"e02487","B","200","80",NA,"80"
"e02487-B","sample","80.ASV2","ASV2",14990,"e02487","B","200","80",NA,"80"
"e02487-B","sample","80.ASV3","ASV3",29541,"e02487","B","200","80",NA,"80"
"e02487-B","sample","80.ASV8","ASV8",1588,"e02487","B","200","80",NA,"80"
"e02487-B","sample","80.ASV13","ASV13",305,"e02487","B","200","80",NA,"80"
"e02487-B","sample","80.ASV85","ASV85",0,"e02487","B","200","80",NA,"80"
"e02487-B","sample","80.ASV121","ASV121",343,"e02487","B","200","80",NA,"80"
"e02487-B","sample","80.ASV136","ASV136",306,"e02487","B","200","80",NA,"80"
"e02487-B","sample","80.ASV181","ASV181",0,"e02487","B","200","80",NA,"80"
"e02487-B","sample","80.ASV194","ASV194",0,"e02487","B","200","80",NA,"80"
"e02487-B","sample","80.ASV305","ASV305",0,"e02487","B","200","80",NA,"80"
"e02488-B","sample","80.ASV1","ASV1",0,"e02488","B","353","80",NA,"80"
"e02488-B","sample","80.ASV2","ASV2",16505,"e02488","B","353","80",NA,"80"
"e02488-B","sample","80.ASV3","ASV3",25134,"e02488","B","353","80",NA,"80"
"e02488-B","sample","80.ASV8","ASV8",2289,"e02488","B","353","80",NA,"80"
"e02488-B","sample","80.ASV13","ASV13",366,"e02488","B","353","80",NA,"80"
"e02488-B","sample","80.ASV85","ASV85",635,"e02488","B","353","80",NA,"80"
"e02488-B","sample","80.ASV121","ASV121",0,"e02488","B","353","80",NA,"80"
"e02488-B","sample","80.ASV136","ASV136",0,"e02488","B","353","80",NA,"80"
"e02488-B","sample","80.ASV181","ASV181",0,"e02488","B","353","80",NA,"80"
"e02488-B","sample","80.ASV194","ASV194",0,"e02488","B","353","80",NA,"80"
"e02488-B","sample","80.ASV305","ASV305",0,"e02488","B","353","80",NA,"80"
"e02486-C","sample","80.ASV1","ASV1",0,"e02486","C","329","80",NA,"80"
"e02486-C","sample","80.ASV2","ASV2",10297,"e02486","C","329","80",NA,"80"
"e02486-C","sample","80.ASV3","ASV3",31493,"e02486","C","329","80",NA,"80"
"e02486-C","sample","80.ASV8","ASV8",2454,"e02486","C","329","80",NA,"80"
"e02486-C","sample","80.ASV13","ASV13",339,"e02486","C","329","80",NA,"80"
"e02486-C","sample","80.ASV85","ASV85",0,"e02486","C","329","80",NA,"80"
"e02486-C","sample","80.ASV121","ASV121",0,"e02486","C","329","80",NA,"80"
"e02486-C","sample","80.ASV136","ASV136",0,"e02486","C","329","80",NA,"80"
"e02486-C","sample","80.ASV181","ASV181",0,"e02486","C","329","80",NA,"80"
"e02486-C","sample","80.ASV194","ASV194",0,"e02486","C","329","80",NA,"80"
"e02486-C","sample","80.ASV305","ASV305",39,"e02486","C","329","80",NA,"80"
"e02487-C","sample","80.ASV1","ASV1",0,"e02487","C","200","80",NA,"80"
"e02487-C","sample","80.ASV2","ASV2",12906,"e02487","C","200","80",NA,"80"
"e02487-C","sample","80.ASV3","ASV3",19965,"e02487","C","200","80",NA,"80"
"e02487-C","sample","80.ASV8","ASV8",2025,"e02487","C","200","80",NA,"80"
"e02487-C","sample","80.ASV13","ASV13",266,"e02487","C","200","80",NA,"80"
"e02487-C","sample","80.ASV85","ASV85",0,"e02487","C","200","80",NA,"80"
"e02487-C","sample","80.ASV121","ASV121",0,"e02487","C","200","80",NA,"80"
"e02487-C","sample","80.ASV136","ASV136",0,"e02487","C","200","80",NA,"80"
"e02487-C","sample","80.ASV181","ASV181",206,"e02487","C","200","80",NA,"80"
"e02487-C","sample","80.ASV194","ASV194",0,"e02487","C","200","80",NA,"80"
"e02487-C","sample","80.ASV305","ASV305",0,"e02487","C","200","80",NA,"80"
"e02488-C","sample","80.ASV1","ASV1",0,"e02488","C","353","80",NA,"80"
"e02488-C","sample","80.ASV2","ASV2",9424,"e02488","C","353","80",NA,"80"
"e02488-C","sample","80.ASV3","ASV3",17188,"e02488","C","353","80",NA,"80"
"e02488-C","sample","80.ASV8","ASV8",1312,"e02488","C","353","80",NA,"80"
"e02488-C","sample","80.ASV13","ASV13",248,"e02488","C","353","80",NA,"80"
"e02488-C","sample","80.ASV85","ASV85",0,"e02488","C","353","80",NA,"80"
"e02488-C","sample","80.ASV121","ASV121",0,"e02488","C","353","80",NA,"80"
"e02488-C","sample","80.ASV136","ASV136",0,"e02488","C","353","80",NA,"80"
"e02488-C","sample","80.ASV181","ASV181",0,"e02488","C","353","80",NA,"80"
"e02488-C","sample","80.ASV194","ASV194",0,"e02488","C","353","80",NA,"80"
"e02488-C","sample","80.ASV305","ASV305",0,"e02488","C","353","80",NA,"80"
"e02471-A","sample","83.ASV2","ASV2",21391,"e02471","A","183","83",NA,"83"
"e02471-A","sample","83.ASV89","ASV89",0,"e02471","A","183","83",NA,"83"
"e02471-A","sample","83.ASV118","ASV118",0,"e02471","A","183","83",NA,"83"
"e02471-A","sample","83.ASV178","ASV178",0,"e02471","A","183","83",NA,"83"
"e02471-A","sample","83.ASV242","ASV242",0,"e02471","A","183","83",NA,"83"
"e02471-A","sample","83.ASV301","ASV301",0,"e02471","A","183","83",NA,"83"
"e02477-A","sample","83.ASV2","ASV2",13543,"e02477","A","389","83",NA,"83"
"e02477-A","sample","83.ASV89","ASV89",0,"e02477","A","389","83",NA,"83"
"e02477-A","sample","83.ASV118","ASV118",0,"e02477","A","389","83",NA,"83"
"e02477-A","sample","83.ASV178","ASV178",0,"e02477","A","389","83",NA,"83"
"e02477-A","sample","83.ASV242","ASV242",0,"e02477","A","389","83",NA,"83"
"e02477-A","sample","83.ASV301","ASV301",0,"e02477","A","389","83",NA,"83"
"e02484-A","sample","83.ASV2","ASV2",16936,"e02484","A","414","83",NA,"83"
"e02484-A","sample","83.ASV89","ASV89",0,"e02484","A","414","83",NA,"83"
"e02484-A","sample","83.ASV118","ASV118",0,"e02484","A","414","83",NA,"83"
"e02484-A","sample","83.ASV178","ASV178",0,"e02484","A","414","83",NA,"83"
"e02484-A","sample","83.ASV242","ASV242",0,"e02484","A","414","83",NA,"83"
"e02484-A","sample","83.ASV301","ASV301",0,"e02484","A","414","83",NA,"83"
"e02471-B","sample","83.ASV2","ASV2",44165,"e02471","B","183","83",NA,"83"
"e02471-B","sample","83.ASV89","ASV89",599,"e02471","B","183","83",NA,"83"
"e02471-B","sample","83.ASV118","ASV118",367,"e02471","B","183","83",NA,"83"
"e02471-B","sample","83.ASV178","ASV178",0,"e02471","B","183","83",NA,"83"
"e02471-B","sample","83.ASV242","ASV242",0,"e02471","B","183","83",NA,"83"
"e02471-B","sample","83.ASV301","ASV301",0,"e02471","B","183","83",NA,"83"
"e02477-B","sample","83.ASV2","ASV2",32506,"e02477","B","389","83",NA,"83"
"e02477-B","sample","83.ASV89","ASV89",0,"e02477","B","389","83",NA,"83"
"e02477-B","sample","83.ASV118","ASV118",0,"e02477","B","389","83",NA,"83"
"e02477-B","sample","83.ASV178","ASV178",0,"e02477","B","389","83",NA,"83"
"e02477-B","sample","83.ASV242","ASV242",0,"e02477","B","389","83",NA,"83"
"e02477-B","sample","83.ASV301","ASV301",0,"e02477","B","389","83",NA,"83"
"e02484-B","sample","83.ASV2","ASV2",31106,"e02484","B","414","83",NA,"83"
"e02484-B","sample","83.ASV89","ASV89",0,"e02484","B","414","83",NA,"83"
"e02484-B","sample","83.ASV118","ASV118",0,"e02484","B","414","83",NA,"83"
"e02484-B","sample","83.ASV178","ASV178",0,"e02484","B","414","83",NA,"83"
"e02484-B","sample","83.ASV242","ASV242",122,"e02484","B","414","83",NA,"83"
"e02484-B","sample","83.ASV301","ASV301",0,"e02484","B","414","83",NA,"83"
"e02471-C","sample","83.ASV2","ASV2",27986,"e02471","C","183","83",NA,"83"
"e02471-C","sample","83.ASV89","ASV89",0,"e02471","C","183","83",NA,"83"
"e02471-C","sample","83.ASV118","ASV118",0,"e02471","C","183","83",NA,"83"
"e02471-C","sample","83.ASV178","ASV178",0,"e02471","C","183","83",NA,"83"
"e02471-C","sample","83.ASV242","ASV242",0,"e02471","C","183","83",NA,"83"
"e02471-C","sample","83.ASV301","ASV301",0,"e02471","C","183","83",NA,"83"
"e02477-C","sample","83.ASV2","ASV2",29999,"e02477","C","389","83",NA,"83"
"e02477-C","sample","83.ASV89","ASV89",0,"e02477","C","389","83",NA,"83"
"e02477-C","sample","83.ASV118","ASV118",0,"e02477","C","389","83",NA,"83"
"e02477-C","sample","83.ASV178","ASV178",213,"e02477","C","389","83",NA,"83"
"e02477-C","sample","83.ASV242","ASV242",0,"e02477","C","389","83",NA,"83"
"e02477-C","sample","83.ASV301","ASV301",42,"e02477","C","389","83",NA,"83"
"e02484-C","sample","83.ASV2","ASV2",32730,"e02484","C","414","83",NA,"83"
"e02484-C","sample","83.ASV89","ASV89",0,"e02484","C","414","83",NA,"83"
"e02484-C","sample","83.ASV118","ASV118",0,"e02484","C","414","83",NA,"83"
"e02484-C","sample","83.ASV178","ASV178",0,"e02484","C","414","83",NA,"83"
"e02484-C","sample","83.ASV242","ASV242",0,"e02484","C","414","83",NA,"83"
"e02484-C","sample","83.ASV301","ASV301",0,"e02484","C","414","83",NA,"83"
"e02372-A","sample","89.ASV1","ASV1",11169,"e02372","A","398","89",NA,"89"
"e02372-A","sample","89.ASV2","ASV2",22173,"e02372","A","398","89",NA,"89"
"e02372-A","sample","89.ASV13","ASV13",2,"e02372","A","398","89",NA,"89"
"e02372-A","sample","89.ASV344","ASV344",17,"e02372","A","398","89",NA,"89"
"e02373-A","sample","89.ASV1","ASV1",21179,"e02373","A","312","89",NA,"89"
"e02373-A","sample","89.ASV2","ASV2",31656,"e02373","A","312","89",NA,"89"
"e02373-A","sample","89.ASV13","ASV13",0,"e02373","A","312","89",NA,"89"
"e02373-A","sample","89.ASV344","ASV344",0,"e02373","A","312","89",NA,"89"
"e02380-A","sample","89.ASV1","ASV1",13841,"e02380","A","492","89",NA,"89"
"e02380-A","sample","89.ASV2","ASV2",20604,"e02380","A","492","89",NA,"89"
"e02380-A","sample","89.ASV13","ASV13",0,"e02380","A","492","89",NA,"89"
"e02380-A","sample","89.ASV344","ASV344",0,"e02380","A","492","89",NA,"89"
"e02372-B","sample","89.ASV1","ASV1",10839,"e02372","B","398","89",NA,"89"
"e02372-B","sample","89.ASV2","ASV2",19761,"e02372","B","398","89",NA,"89"
"e02372-B","sample","89.ASV13","ASV13",0,"e02372","B","398","89",NA,"89"
"e02372-B","sample","89.ASV344","ASV344",0,"e02372","B","398","89",NA,"89"
"e02373-B","sample","89.ASV1","ASV1",12322,"e02373","B","312","89",NA,"89"
"e02373-B","sample","89.ASV2","ASV2",17005,"e02373","B","312","89",NA,"89"
"e02373-B","sample","89.ASV13","ASV13",0,"e02373","B","312","89",NA,"89"
"e02373-B","sample","89.ASV344","ASV344",0,"e02373","B","312","89",NA,"89"
"e02380-B","sample","89.ASV1","ASV1",13941,"e02380","B","492","89",NA,"89"
"e02380-B","sample","89.ASV2","ASV2",19999,"e02380","B","492","89",NA,"89"
"e02380-B","sample","89.ASV13","ASV13",0,"e02380","B","492","89",NA,"89"
"e02380-B","sample","89.ASV344","ASV344",0,"e02380","B","492","89",NA,"89"
"e02372-C","sample","89.ASV1","ASV1",11747,"e02372","C","398","89",NA,"89"
"e02372-C","sample","89.ASV2","ASV2",18658,"e02372","C","398","89",NA,"89"
"e02372-C","sample","89.ASV13","ASV13",0,"e02372","C","398","89",NA,"89"
"e02372-C","sample","89.ASV344","ASV344",0,"e02372","C","398","89",NA,"89"
"e02373-C","sample","89.ASV1","ASV1",14573,"e02373","C","312","89",NA,"89"
"e02373-C","sample","89.ASV2","ASV2",19649,"e02373","C","312","89",NA,"89"
"e02373-C","sample","89.ASV13","ASV13",0,"e02373","C","312","89",NA,"89"
"e02373-C","sample","89.ASV344","ASV344",0,"e02373","C","312","89",NA,"89"
"e02380-C","sample","89.ASV1","ASV1",16281,"e02380","C","492","89",NA,"89"
"e02380-C","sample","89.ASV2","ASV2",20698,"e02380","C","492","89",NA,"89"
"e02380-C","sample","89.ASV13","ASV13",0,"e02380","C","492","89",NA,"89"
"e02380-C","sample","89.ASV344","ASV344",0,"e02380","C","492","89",NA,"89"
"e02454-A","sample","96.ASV2","ASV2",4948,"e02454","A","111","96",NA,"96"
"e02454-A","sample","96.ASV3","ASV3",13,"e02454","A","111","96",NA,"96"
"e02454-A","sample","96.ASV4","ASV4",18062,"e02454","A","111","96",NA,"96"
"e02454-A","sample","96.ASV13","ASV13",2,"e02454","A","111","96",NA,"96"
"e02454-A","sample","96.ASV37","ASV37",342,"e02454","A","111","96",NA,"96"
"e02455-A","sample","96.ASV2","ASV2",2730,"e02455","A","440","96",NA,"96"
"e02455-A","sample","96.ASV3","ASV3",0,"e02455","A","440","96",NA,"96"
"e02455-A","sample","96.ASV4","ASV4",18788,"e02455","A","440","96",NA,"96"
"e02455-A","sample","96.ASV13","ASV13",0,"e02455","A","440","96",NA,"96"
"e02455-A","sample","96.ASV37","ASV37",0,"e02455","A","440","96",NA,"96"
"e02456-A","sample","96.ASV2","ASV2",4608,"e02456","A","132","96",NA,"96"
"e02456-A","sample","96.ASV3","ASV3",110,"e02456","A","132","96",NA,"96"
"e02456-A","sample","96.ASV4","ASV4",14574,"e02456","A","132","96",NA,"96"
"e02456-A","sample","96.ASV13","ASV13",4,"e02456","A","132","96",NA,"96"
"e02456-A","sample","96.ASV37","ASV37",438,"e02456","A","132","96",NA,"96"
"e02454-B","sample","96.ASV2","ASV2",8271,"e02454","B","111","96",NA,"96"
"e02454-B","sample","96.ASV3","ASV3",5,"e02454","B","111","96",NA,"96"
"e02454-B","sample","96.ASV4","ASV4",36946,"e02454","B","111","96",NA,"96"
"e02454-B","sample","96.ASV13","ASV13",0,"e02454","B","111","96",NA,"96"
"e02454-B","sample","96.ASV37","ASV37",574,"e02454","B","111","96",NA,"96"
"e02456-B","sample","96.ASV2","ASV2",6446,"e02456","B","132","96",NA,"96"
"e02456-B","sample","96.ASV3","ASV3",0,"e02456","B","132","96",NA,"96"
"e02456-B","sample","96.ASV4","ASV4",24357,"e02456","B","132","96",NA,"96"
"e02456-B","sample","96.ASV13","ASV13",0,"e02456","B","132","96",NA,"96"
"e02456-B","sample","96.ASV37","ASV37",0,"e02456","B","132","96",NA,"96"
"e02454-C","sample","96.ASV2","ASV2",9901,"e02454","C","111","96",NA,"96"
"e02454-C","sample","96.ASV3","ASV3",0,"e02454","C","111","96",NA,"96"
"e02454-C","sample","96.ASV4","ASV4",35576,"e02454","C","111","96",NA,"96"
"e02454-C","sample","96.ASV13","ASV13",0,"e02454","C","111","96",NA,"96"
"e02454-C","sample","96.ASV37","ASV37",0,"e02454","C","111","96",NA,"96"
"e02455-C","sample","96.ASV2","ASV2",8157,"e02455","C","440","96",NA,"96"
"e02455-C","sample","96.ASV3","ASV3",0,"e02455","C","440","96",NA,"96"
"e02455-C","sample","96.ASV4","ASV4",31586,"e02455","C","440","96",NA,"96"
"e02455-C","sample","96.ASV13","ASV13",6,"e02455","C","440","96",NA,"96"
"e02455-C","sample","96.ASV37","ASV37",0,"e02455","C","440","96",NA,"96"
"e02456-C","sample","96.ASV2","ASV2",5752,"e02456","C","132","96",NA,"96"
"e02456-C","sample","96.ASV3","ASV3",0,"e02456","C","132","96",NA,"96"
"e02456-C","sample","96.ASV4","ASV4",21463,"e02456","C","132","96",NA,"96"
"e02456-C","sample","96.ASV13","ASV13",0,"e02456","C","132","96",NA,"96"
"e02456-C","sample","96.ASV37","ASV37",0,"e02456","C","132","96",NA,"96"
