"","Sample_ID","sample_type","extraction_ID","pcr_replicate","alt_ID","site","taxon","total_reads","MiSeq_run"
"1","e02112-A","sample","e02112","A","59","40","Boreogadus saida",8466,"A"
"2","e02112-A","sample","e02112","A","59","40","Gadus chalcogrammus",14810,"A"
"3","e02112-A","sample","e02112","A","59","40","Gadus macrocephalus",5004,"A"
"4","e02112-B","sample","e02112","B","59","40","Boreogadus saida",10794,"A"
"5","e02112-B","sample","e02112","B","59","40","Gadus chalcogrammus",13206,"A"
"6","e02112-B","sample","e02112","B","59","40","Gadus macrocephalus",5275,"A"
"7","e02112-C","sample","e02112","C","59","40","Boreogadus saida",6735,"A"
"8","e02112-C","sample","e02112","C","59","40","Gadus chalcogrammus",11470,"A"
"9","e02112-C","sample","e02112","C","59","40","Gadus macrocephalus",5309,"A"
"10","e02114-A","sample","e02114","A","423","47","Boreogadus saida",15263,"A"
"11","e02114-A","sample","e02114","A","423","47","Gadus chalcogrammus",7974,"A"
"12","e02114-B","sample","e02114","B","423","47","Boreogadus saida",17540,"A"
"13","e02114-B","sample","e02114","B","423","47","Gadus chalcogrammus",8340,"A"
"14","e02114-C","sample","e02114","C","423","47","Boreogadus saida",8299,"A"
"15","e02114-C","sample","e02114","C","423","47","Gadus chalcogrammus",4295,"A"
"16","e02116-A","sample","e02116","A","299","55","Boreogadus saida",0,"A"
"17","e02116-A","sample","e02116","A","299","55","Gadus chalcogrammus",16572,"A"
"18","e02116-A","sample","e02116","A","299","55","Gadus macrocephalus",13176,"A"
"19","e02116-B","sample","e02116","B","299","55","Boreogadus saida",0,"A"
"20","e02116-B","sample","e02116","B","299","55","Gadus chalcogrammus",25590,"A"
"21","e02116-B","sample","e02116","B","299","55","Gadus macrocephalus",16411,"A"
"22","e02116-C","sample","e02116","C","299","55","Boreogadus saida",122,"A"
"23","e02116-C","sample","e02116","C","299","55","Gadus chalcogrammus",16745,"A"
"24","e02116-C","sample","e02116","C","299","55","Gadus macrocephalus",14170,"A"
"25","e02118-A","sample","e02118","A","224","55","Boreogadus saida",293,"A"
"26","e02118-A","sample","e02118","A","224","55","Gadus chalcogrammus",17798,"A"
"27","e02118-A","sample","e02118","A","224","55","Gadus macrocephalus",11388,"A"
"28","e02118-B","sample","e02118","B","224","55","Boreogadus saida",205,"A"
"29","e02118-B","sample","e02118","B","224","55","Gadus chalcogrammus",31017,"A"
"30","e02118-B","sample","e02118","B","224","55","Gadus macrocephalus",12326,"A"
"31","e02118-C","sample","e02118","C","224","55","Boreogadus saida",0,"A"
"32","e02118-C","sample","e02118","C","224","55","Gadus chalcogrammus",15331,"A"
"33","e02118-C","sample","e02118","C","224","55","Gadus macrocephalus",7970,"A"
"34","e02120-A","sample","e02120","A","413","11","Boreogadus saida",4364,"A"
"35","e02120-A","sample","e02120","A","413","11","Gadus chalcogrammus",12610,"A"
"36","e02120-A","sample","e02120","A","413","11","Gadus macrocephalus",4896,"A"
"37","e02120-B","sample","e02120","B","413","11","Boreogadus saida",7539,"A"
"38","e02120-B","sample","e02120","B","413","11","Gadus chalcogrammus",16341,"A"
"39","e02120-B","sample","e02120","B","413","11","Gadus macrocephalus",6038,"A"
"40","e02120-C","sample","e02120","C","413","11","Boreogadus saida",5112,"A"
"41","e02120-C","sample","e02120","C","413","11","Gadus chalcogrammus",13415,"A"
"42","e02120-C","sample","e02120","C","413","11","Gadus macrocephalus",5820,"A"
"43","e02122-A","sample","e02122","A","213","40","Boreogadus saida",11336,"A"
"44","e02122-A","sample","e02122","A","213","40","Gadus chalcogrammus",12141,"A"
"45","e02122-A","sample","e02122","A","213","40","Gadus macrocephalus",6678,"A"
"46","e02122-B","sample","e02122","B","213","40","Boreogadus saida",19428,"A"
"47","e02122-B","sample","e02122","B","213","40","Gadus chalcogrammus",13858,"A"
"48","e02122-B","sample","e02122","B","213","40","Gadus macrocephalus",9205,"A"
"49","e02122-C","sample","e02122","C","213","40","Boreogadus saida",9692,"A"
"50","e02122-C","sample","e02122","C","213","40","Gadus chalcogrammus",9716,"A"
"51","e02122-C","sample","e02122","C","213","40","Gadus macrocephalus",10313,"A"
"52","e02124-A","sample","e02124","A","220","40","Boreogadus saida",10368,"A"
"53","e02124-A","sample","e02124","A","220","40","Gadus chalcogrammus",9415,"A"
"54","e02124-A","sample","e02124","A","220","40","Gadus macrocephalus",7802,"A"
"55","e02124-B","sample","e02124","B","220","40","Boreogadus saida",15641,"A"
"56","e02124-B","sample","e02124","B","220","40","Gadus chalcogrammus",13024,"A"
"57","e02124-B","sample","e02124","B","220","40","Gadus macrocephalus",9605,"A"
"58","e02124-C","sample","e02124","C","220","40","Boreogadus saida",8569,"A"
"59","e02124-C","sample","e02124","C","220","40","Gadus chalcogrammus",10210,"A"
"60","e02124-C","sample","e02124","C","220","40","Gadus macrocephalus",10279,"A"
"61","e02126-A","sample","e02126","A","273","47","Boreogadus saida",12369,"A"
"62","e02126-A","sample","e02126","A","273","47","Gadus chalcogrammus",7624,"A"
"63","e02126-B","sample","e02126","B","273","47","Boreogadus saida",22195,"A"
"64","e02126-B","sample","e02126","B","273","47","Gadus chalcogrammus",10416,"A"
"65","e02126-C","sample","e02126","C","273","47","Boreogadus saida",13582,"A"
"66","e02126-C","sample","e02126","C","273","47","Gadus chalcogrammus",9944,"A"
"67","e02129-A","sample","e02129","A","275","47","Boreogadus saida",17740,"A"
"68","e02129-A","sample","e02129","A","275","47","Gadus chalcogrammus",9620,"A"
"69","e02129-B","sample","e02129","B","275","47","Boreogadus saida",27748,"A"
"70","e02129-B","sample","e02129","B","275","47","Gadus chalcogrammus",12946,"A"
"71","e02129-C","sample","e02129","C","275","47","Boreogadus saida",15387,"A"
"72","e02129-C","sample","e02129","C","275","47","Gadus chalcogrammus",8914,"A"
"73","e02131-A","sample","e02131","A","495","11","Boreogadus saida",4761,"A"
"74","e02131-A","sample","e02131","A","495","11","Gadus chalcogrammus",17352,"A"
"75","e02131-A","sample","e02131","A","495","11","Gadus macrocephalus",3258,"A"
"76","e02131-B","sample","e02131","B","495","11","Boreogadus saida",7886,"A"
"77","e02131-B","sample","e02131","B","495","11","Gadus chalcogrammus",27532,"A"
"78","e02131-B","sample","e02131","B","495","11","Gadus macrocephalus",4345,"A"
"79","e02131-C","sample","e02131","C","495","11","Boreogadus saida",2147,"A"
"80","e02131-C","sample","e02131","C","495","11","Gadus chalcogrammus",12328,"A"
"81","e02131-C","sample","e02131","C","495","11","Gadus macrocephalus",2855,"A"
"82","e02133-A","sample","e02133","A","141","86","Boreogadus saida",19317,"A"
"83","e02133-A","sample","e02133","A","141","86","Gadus macrocephalus",1614,"A"
"84","e02133-B","sample","e02133","B","141","86","Boreogadus saida",40274,"A"
"85","e02133-B","sample","e02133","B","141","86","Gadus macrocephalus",2020,"A"
"86","e02133-C","sample","e02133","C","141","86","Boreogadus saida",8188,"A"
"87","e02133-C","sample","e02133","C","141","86","Gadus macrocephalus",1472,"A"
"88","e02137-A","field_blank","e02137","A","118","T","Boreogadus saida",0,"A"
"89","e02137-A","field_blank","e02137","A","118","T","Gadus chalcogrammus",2029,"A"
"90","e02137-A","field_blank","e02137","A","118","T","Gadus macrocephalus",0,"A"
"91","e02137-B","field_blank","e02137","B","118","T","Boreogadus saida",0,"A"
"92","e02137-B","field_blank","e02137","B","118","T","Gadus chalcogrammus",13958,"A"
"93","e02137-B","field_blank","e02137","B","118","T","Gadus macrocephalus",0,"A"
"94","e02137-C","field_blank","e02137","C","118","T","Boreogadus saida",0,"A"
"95","e02137-C","field_blank","e02137","C","118","T","Gadus chalcogrammus",2518,"A"
"96","e02137-C","field_blank","e02137","C","118","T","Gadus macrocephalus",0,"A"
"97","e02139-A","sample","e02139","A","377","11","Boreogadus saida",4696,"A"
"98","e02139-A","sample","e02139","A","377","11","Gadus chalcogrammus",25042,"A"
"99","e02139-A","sample","e02139","A","377","11","Gadus macrocephalus",2887,"A"
"100","e02139-B","sample","e02139","B","377","11","Boreogadus saida",8042,"A"
"101","e02139-B","sample","e02139","B","377","11","Gadus chalcogrammus",32354,"A"
"102","e02139-B","sample","e02139","B","377","11","Gadus macrocephalus",4027,"A"
"103","e02139-C","sample","e02139","C","377","11","Boreogadus saida",2605,"A"
"104","e02139-C","sample","e02139","C","377","11","Gadus chalcogrammus",16729,"A"
"105","e02139-C","sample","e02139","C","377","11","Gadus macrocephalus",2190,"A"
"106","e02141-A","sample","e02141","A","491","17","Boreogadus saida",5724,"A"
"107","e02141-A","sample","e02141","A","491","17","Gadus chalcogrammus",19110,"A"
"108","e02141-A","sample","e02141","A","491","17","Gadus macrocephalus",0,"A"
"109","e02141-B","sample","e02141","B","491","17","Boreogadus saida",8377,"A"
"110","e02141-B","sample","e02141","B","491","17","Gadus chalcogrammus",21829,"A"
"111","e02141-B","sample","e02141","B","491","17","Gadus macrocephalus",0,"A"
"112","e02141-C","sample","e02141","C","491","17","Boreogadus saida",2429,"A"
"113","e02141-C","sample","e02141","C","491","17","Gadus chalcogrammus",14336,"A"
"114","e02141-C","sample","e02141","C","491","17","Gadus macrocephalus",0,"A"
"115","e02143-A","sample","e02143","A","62","3","Boreogadus saida",2940,"A"
"116","e02143-A","sample","e02143","A","62","3","Gadus chalcogrammus",11062,"A"
"117","e02143-B","sample","e02143","B","62","3","Boreogadus saida",3716,"A"
"118","e02143-B","sample","e02143","B","62","3","Gadus chalcogrammus",17982,"A"
"119","e02143-C","sample","e02143","C","62","3","Boreogadus saida",1069,"A"
"120","e02143-C","sample","e02143","C","62","3","Gadus chalcogrammus",8730,"A"
"121","e02146-A","sample","e02146","A","462","86","Boreogadus saida",18883,"A"
"122","e02146-A","sample","e02146","A","462","86","Gadus macrocephalus",1253,"A"
"123","e02146-B","sample","e02146","B","462","86","Boreogadus saida",40939,"A"
"124","e02146-B","sample","e02146","B","462","86","Gadus macrocephalus",1829,"A"
"125","e02146-C","sample","e02146","C","462","86","Boreogadus saida",17468,"A"
"126","e02146-C","sample","e02146","C","462","86","Gadus macrocephalus",1817,"A"
"127","e02150-A","sample","e02150","A","481","17","Boreogadus saida",11284,"A"
"128","e02150-A","sample","e02150","A","481","17","Gadus chalcogrammus",22825,"A"
"129","e02150-A","sample","e02150","A","481","17","Gadus macrocephalus",74,"A"
"130","e02150-B","sample","e02150","B","481","17","Boreogadus saida",11084,"A"
"131","e02150-B","sample","e02150","B","481","17","Gadus chalcogrammus",28895,"A"
"132","e02150-B","sample","e02150","B","481","17","Gadus macrocephalus",0,"A"
"133","e02150-C","sample","e02150","C","481","17","Boreogadus saida",3901,"A"
"134","e02150-C","sample","e02150","C","481","17","Gadus chalcogrammus",12752,"A"
"135","e02150-C","sample","e02150","C","481","17","Gadus macrocephalus",28,"A"
"136","e02152-A","sample","e02152","A","408","17","Boreogadus saida",5891,"A"
"137","e02152-A","sample","e02152","A","408","17","Gadus chalcogrammus",16761,"A"
"138","e02152-A","sample","e02152","A","408","17","Gadus macrocephalus",0,"A"
"139","e02152-B","sample","e02152","B","408","17","Boreogadus saida",12880,"A"
"140","e02152-B","sample","e02152","B","408","17","Gadus chalcogrammus",24743,"A"
"141","e02152-B","sample","e02152","B","408","17","Gadus macrocephalus",0,"A"
"142","e02152-C","sample","e02152","C","408","17","Boreogadus saida",5061,"A"
"143","e02152-C","sample","e02152","C","408","17","Gadus chalcogrammus",11922,"A"
"144","e02152-C","sample","e02152","C","408","17","Gadus macrocephalus",0,"A"
"145","e02154-A","sample","e02154","A","226","3","Boreogadus saida",3692,"A"
"146","e02154-A","sample","e02154","A","226","3","Gadus chalcogrammus",18613,"A"
"147","e02154-B","sample","e02154","B","226","3","Boreogadus saida",7510,"A"
"148","e02154-B","sample","e02154","B","226","3","Gadus chalcogrammus",42679,"A"
"149","e02154-C","sample","e02154","C","226","3","Boreogadus saida",2605,"A"
"150","e02154-C","sample","e02154","C","226","3","Gadus chalcogrammus",15972,"A"
"151","e02156-A","sample","e02156","A","370","86","Boreogadus saida",5417,"A"
"152","e02156-A","sample","e02156","A","370","86","Gadus macrocephalus",316,"A"
"153","e02156-B","sample","e02156","B","370","86","Boreogadus saida",7408,"A"
"154","e02156-B","sample","e02156","B","370","86","Gadus macrocephalus",544,"A"
"155","e02156-C","sample","e02156","C","370","86","Boreogadus saida",3820,"A"
"156","e02156-C","sample","e02156","C","370","86","Gadus macrocephalus",480,"A"
"157","e02158-A","sample","e02158","A","391","41","Boreogadus saida",6127,"A"
"158","e02158-A","sample","e02158","A","391","41","Gadus chalcogrammus",9406,"A"
"159","e02158-B","sample","e02158","B","391","41","Boreogadus saida",12689,"A"
"160","e02158-B","sample","e02158","B","391","41","Gadus chalcogrammus",23434,"A"
"161","e02158-C","sample","e02158","C","391","41","Boreogadus saida",5837,"A"
"162","e02158-C","sample","e02158","C","391","41","Gadus chalcogrammus",12799,"A"
"163","e02160-A","sample","e02160","A","417","41","Boreogadus saida",19227,"A"
"164","e02160-A","sample","e02160","A","417","41","Gadus chalcogrammus",13082,"A"
"165","e02160-B","sample","e02160","B","417","41","Boreogadus saida",19125,"A"
"166","e02160-B","sample","e02160","B","417","41","Gadus chalcogrammus",17044,"A"
"167","e02160-C","sample","e02160","C","417","41","Boreogadus saida",5480,"A"
"168","e02160-C","sample","e02160","C","417","41","Gadus chalcogrammus",6697,"A"
"169","e02163-A","sample","e02163","A","358","41","Boreogadus saida",10441,"A"
"170","e02163-A","sample","e02163","A","358","41","Gadus chalcogrammus",5758,"A"
"171","e02163-B","sample","e02163","B","358","41","Boreogadus saida",30653,"A"
"172","e02163-B","sample","e02163","B","358","41","Gadus chalcogrammus",26759,"A"
"173","e02163-C","sample","e02163","C","358","41","Boreogadus saida",3871,"A"
"174","e02163-C","sample","e02163","C","358","41","Gadus chalcogrammus",5382,"A"
"175","e02165-B","sample","e02165","B","385","59","Boreogadus saida",21,"A"
"176","e02165-B","sample","e02165","B","385","59","Gadus chalcogrammus",1261,"A"
"177","e02165-B","sample","e02165","B","385","59","Gadus macrocephalus",0,"A"
"178","e02167-A","sample","e02167","A","404","3","Boreogadus saida",2350,"A"
"179","e02167-A","sample","e02167","A","404","3","Gadus chalcogrammus",16577,"A"
"180","e02167-B","sample","e02167","B","404","3","Boreogadus saida",5473,"A"
"181","e02167-B","sample","e02167","B","404","3","Gadus chalcogrammus",21400,"A"
"182","e02167-C","sample","e02167","C","404","3","Boreogadus saida",3018,"A"
"183","e02167-C","sample","e02167","C","404","3","Gadus chalcogrammus",20760,"A"
"184","e02173-A","sample","e02173","A","500","76","Boreogadus saida",888,"A"
"185","e02173-A","sample","e02173","A","500","76","Gadus chalcogrammus",19631,"A"
"186","e02173-B","sample","e02173","B","500","76","Boreogadus saida",3637,"A"
"187","e02173-B","sample","e02173","B","500","76","Gadus chalcogrammus",33355,"A"
"188","e02173-C","sample","e02173","C","500","76","Boreogadus saida",1102,"A"
"189","e02173-C","sample","e02173","C","500","76","Gadus chalcogrammus",13591,"A"
"190","e02177-A","sample","e02177","A","284","59","Boreogadus saida",13814,"A"
"191","e02177-A","sample","e02177","A","284","59","Gadus chalcogrammus",0,"A"
"192","e02177-A","sample","e02177","A","284","59","Gadus macrocephalus",0,"A"
"193","e02177-B","sample","e02177","B","284","59","Boreogadus saida",16778,"A"
"194","e02177-B","sample","e02177","B","284","59","Gadus chalcogrammus",0,"A"
"195","e02177-B","sample","e02177","B","284","59","Gadus macrocephalus",0,"A"
"196","e02177-C","sample","e02177","C","284","59","Boreogadus saida",2706,"A"
"197","e02177-C","sample","e02177","C","284","59","Gadus chalcogrammus",0,"A"
"198","e02177-C","sample","e02177","C","284","59","Gadus macrocephalus",0,"A"
"199","e02182-A","sample","e02182","A","406","76","Boreogadus saida",2453,"A"
"200","e02182-A","sample","e02182","A","406","76","Gadus chalcogrammus",23487,"A"
"201","e02182-B","sample","e02182","B","406","76","Boreogadus saida",3466,"A"
"202","e02182-B","sample","e02182","B","406","76","Gadus chalcogrammus",30169,"A"
"203","e02182-C","sample","e02182","C","406","76","Boreogadus saida",1664,"A"
"204","e02182-C","sample","e02182","C","406","76","Gadus chalcogrammus",20002,"A"
"205","e02184-A","sample","e02184","A","154","76","Boreogadus saida",2224,"A"
"206","e02184-A","sample","e02184","A","154","76","Gadus chalcogrammus",22106,"A"
"207","e02184-B","sample","e02184","B","154","76","Boreogadus saida",3438,"A"
"208","e02184-B","sample","e02184","B","154","76","Gadus chalcogrammus",32377,"A"
"209","e02184-C","sample","e02184","C","154","76","Boreogadus saida",1758,"A"
"210","e02184-C","sample","e02184","C","154","76","Gadus chalcogrammus",17000,"A"
"211","e02186-A","sample","e02186","A","199","7","Gadus chalcogrammus",20909,"A"
"212","e02186-A","sample","e02186","A","199","7","Gadus macrocephalus",0,"A"
"213","e02186-B","sample","e02186","B","199","7","Gadus chalcogrammus",31200,"A"
"214","e02186-B","sample","e02186","B","199","7","Gadus macrocephalus",226,"A"
"215","e02186-C","sample","e02186","C","199","7","Gadus chalcogrammus",16738,"A"
"216","e02186-C","sample","e02186","C","199","7","Gadus macrocephalus",82,"A"
"217","e02188-A","sample","e02188","A","443","7","Gadus chalcogrammus",18876,"A"
"218","e02188-A","sample","e02188","A","443","7","Gadus macrocephalus",0,"A"
"219","e02188-B","sample","e02188","B","443","7","Gadus chalcogrammus",28268,"A"
"220","e02188-B","sample","e02188","B","443","7","Gadus macrocephalus",0,"A"
"221","e02188-C","sample","e02188","C","443","7","Gadus chalcogrammus",14276,"A"
"222","e02188-C","sample","e02188","C","443","7","Gadus macrocephalus",0,"A"
"223","e02190-A","sample","e02190","A","35","34","Gadus chalcogrammus",19874,"A"
"224","e02190-B","sample","e02190","B","35","34","Gadus chalcogrammus",27699,"A"
"225","e02190-C","sample","e02190","C","35","34","Gadus chalcogrammus",17171,"A"
"226","e02192-A","sample","e02192","A","420","34","Gadus chalcogrammus",19702,"A"
"227","e02192-B","sample","e02192","B","420","34","Gadus chalcogrammus",35585,"A"
"228","e02192-C","sample","e02192","C","420","34","Gadus chalcogrammus",16329,"A"
"229","e02194-A","sample","e02194","A","181","34","Gadus chalcogrammus",20637,"A"
"230","e02194-B","sample","e02194","B","181","34","Gadus chalcogrammus",22820,"A"
"231","e02194-C","sample","e02194","C","181","34","Gadus chalcogrammus",16058,"A"
"232","e02197-A","sample","e02197","A","366","7","Gadus chalcogrammus",7246,"A"
"233","e02197-A","sample","e02197","A","366","7","Gadus macrocephalus",0,"A"
"234","e02197-B","sample","e02197","B","366","7","Gadus chalcogrammus",8170,"A"
"235","e02197-B","sample","e02197","B","366","7","Gadus macrocephalus",0,"A"
"236","e02197-C","sample","e02197","C","366","7","Gadus chalcogrammus",5841,"A"
"237","e02197-C","sample","e02197","C","366","7","Gadus macrocephalus",0,"A"
"238","e02199-A","sample","e02199","A","89","67","Gadus macrocephalus",31226.3774755794,"A"
"239","e02199-B","sample","e02199","B","89","67","Gadus macrocephalus",38725.855736449,"A"
"240","e02199-C","sample","e02199","C","89","67","Gadus macrocephalus",33774.6595288259,"A"
"241","e02201-A","sample","e02201","A","388","67","Gadus macrocephalus",32674.8404520207,"A"
"242","e02201-B","sample","e02201","B","388","67","Gadus macrocephalus",39614.3891591649,"A"
"243","e02201-C","sample","e02201","C","388","67","Gadus macrocephalus",25371.682168167,"A"
"244","e02203-A","sample","e02203","A","368","67","Gadus macrocephalus",40115.8507182532,"A"
"245","e02203-B","sample","e02203","B","368","67","Gadus macrocephalus",42702.0737789695,"A"
"246","e02203-C","sample","e02203","C","368","67","Gadus macrocephalus",28936.8540892549,"A"
"247","e02205-A","sample","e02205","A","384","87","Gadus chalcogrammus",0,"A"
"248","e02205-A","sample","e02205","A","384","87","Gadus macrocephalus",26847.0625550661,"A"
"249","e02205-B","sample","e02205","B","384","87","Gadus chalcogrammus",11,"A"
"250","e02205-B","sample","e02205","B","384","87","Gadus macrocephalus",32579.871557173,"A"
"251","e02205-C","sample","e02205","C","384","87","Gadus chalcogrammus",0,"A"
"252","e02205-C","sample","e02205","C","384","87","Gadus macrocephalus",39051.9715763264,"A"
"253","e02207-A","sample","e02207","A","429","98","Gadus chalcogrammus",1605,"A"
"254","e02207-A","sample","e02207","A","429","98","Gadus macrocephalus",23265,"A"
"255","e02207-B","sample","e02207","B","429","98","Gadus chalcogrammus",2053,"A"
"256","e02207-B","sample","e02207","B","429","98","Gadus macrocephalus",32939,"A"
"257","e02207-C","sample","e02207","C","429","98","Gadus chalcogrammus",5138,"A"
"258","e02207-C","sample","e02207","C","429","98","Gadus macrocephalus",104516,"A"
"259","e02209-A","sample","e02209","A","332","98","Gadus chalcogrammus",1997,"A"
"260","e02209-A","sample","e02209","A","332","98","Gadus macrocephalus",23558,"A"
"261","e02209-B","sample","e02209","B","332","98","Gadus chalcogrammus",3014,"A"
"262","e02209-B","sample","e02209","B","332","98","Gadus macrocephalus",42852,"A"
"263","e02209-C","sample","e02209","C","332","98","Gadus chalcogrammus",2552,"A"
"264","e02209-C","sample","e02209","C","332","98","Gadus macrocephalus",39070,"A"
"265","e02211-A","sample","e02211","A","300","87","Gadus chalcogrammus",0,"A"
"266","e02211-A","sample","e02211","A","300","87","Gadus macrocephalus",25111.9395901168,"A"
"267","e02211-B","sample","e02211","B","300","87","Gadus chalcogrammus",30,"A"
"268","e02211-B","sample","e02211","B","300","87","Gadus macrocephalus",30609.9663282896,"A"
"269","e02211-C","sample","e02211","C","300","87","Gadus chalcogrammus",0,"A"
"270","e02211-C","sample","e02211","C","300","87","Gadus macrocephalus",29300.4422141352,"A"
"271","e02216-A","sample","e02216","A","133","87","Gadus chalcogrammus",204,"A"
"272","e02216-A","sample","e02216","A","133","87","Gadus macrocephalus",35498.5304347826,"A"
"273","e02216-B","sample","e02216","B","133","87","Gadus chalcogrammus",285,"A"
"274","e02216-B","sample","e02216","B","133","87","Gadus macrocephalus",47511.9160314116,"A"
"275","e02216-C","sample","e02216","C","133","87","Gadus chalcogrammus",0,"A"
"276","e02216-C","sample","e02216","C","133","87","Gadus macrocephalus",37544.5901168359,"A"
"277","e02218-A","sample","e02218","A","314","98","Gadus chalcogrammus",3684,"A"
"278","e02218-A","sample","e02218","A","314","98","Gadus macrocephalus",14786,"A"
"279","e02218-B","sample","e02218","B","314","98","Gadus chalcogrammus",4788,"A"
"280","e02218-B","sample","e02218","B","314","98","Gadus macrocephalus",16626,"A"
"281","e02218-C","sample","e02218","C","314","98","Gadus chalcogrammus",2942,"A"
"282","e02218-C","sample","e02218","C","314","98","Gadus macrocephalus",15529,"A"
"283","e02220-A","sample","e02220","A","79","72","Gadus chalcogrammus",3456,"A"
"284","e02220-A","sample","e02220","A","79","72","Gadus macrocephalus",25672.5923769393,"A"
"285","e02220-B","sample","e02220","B","79","72","Gadus chalcogrammus",5072,"A"
"286","e02220-B","sample","e02220","B","79","72","Gadus macrocephalus",30973.0767285961,"A"
"287","e02220-C","sample","e02220","C","79","72","Gadus chalcogrammus",3065,"A"
"288","e02220-C","sample","e02220","C","79","72","Gadus macrocephalus",27444.1282895997,"A"
"289","e02222-A","sample","e02222","A","94","72","Gadus chalcogrammus",2825,"A"
"290","e02222-A","sample","e02222","A","94","72","Gadus macrocephalus",27879.918061674,"A"
"291","e02222-B","sample","e02222","B","94","72","Gadus chalcogrammus",4248,"A"
"292","e02222-B","sample","e02222","B","94","72","Gadus macrocephalus",38103.3344186937,"A"
"293","e02222-C","sample","e02222","C","94","72","Gadus chalcogrammus",2661,"A"
"294","e02222-C","sample","e02222","C","94","72","Gadus macrocephalus",32585.9937942923,"A"
"295","e02224-A","sample","e02224","A","10","72","Gadus chalcogrammus",3465,"A"
"296","e02224-A","sample","e02224","A","10","72","Gadus macrocephalus",28764.2812871097,"A"
"297","e02224-B","sample","e02224","B","10","72","Gadus chalcogrammus",5940,"A"
"298","e02224-B","sample","e02224","B","10","72","Gadus macrocephalus",40579.9003256081,"A"
"299","e02224-C","sample","e02224","C","10","72","Gadus chalcogrammus",2680,"A"
"300","e02224-C","sample","e02224","C","10","72","Gadus macrocephalus",26027.0267764796,"A"
"301","e02226-A","sample","e02226","A","340","32","Gadus chalcogrammus",5815,"A"
"302","e02226-A","sample","e02226","A","340","32","Gadus macrocephalus",23489.3413905382,"A"
"303","e02226-B","sample","e02226","B","340","32","Gadus chalcogrammus",6407,"A"
"304","e02226-B","sample","e02226","B","340","32","Gadus macrocephalus",21346.0435931814,"A"
"305","e02226-C","sample","e02226","C","340","32","Gadus chalcogrammus",4267,"A"
"306","e02226-C","sample","e02226","C","340","32","Gadus macrocephalus",18712.2413713848,"A"
"307","e02228-A","sample","e02228","A","124","24","Gadus chalcogrammus",4048,"A"
"308","e02228-A","sample","e02228","A","124","24","Gadus macrocephalus",36068.1031220073,"A"
"309","e02228-B","sample","e02228","B","124","24","Gadus chalcogrammus",2477,"A"
"310","e02228-B","sample","e02228","B","124","24","Gadus macrocephalus",27797.8537061865,"A"
"311","e02228-C","sample","e02228","C","124","24","Gadus chalcogrammus",1730,"A"
"312","e02228-C","sample","e02228","C","124","24","Gadus macrocephalus",24774.4658494541,"A"
"313","e02231-A","sample","e02231","A","379","24","Gadus chalcogrammus",6207,"A"
"314","e02231-A","sample","e02231","A","379","24","Gadus macrocephalus",17606.0572304156,"A"
"315","e02231-B","sample","e02231","B","379","24","Gadus chalcogrammus",9682,"A"
"316","e02231-B","sample","e02231","B","379","24","Gadus macrocephalus",23389.8611760199,"A"
"317","e02231-C","sample","e02231","C","379","24","Gadus chalcogrammus",5516,"A"
"318","e02231-C","sample","e02231","C","379","24","Gadus macrocephalus",21565.6957287876,"A"
"319","e02233-A","sample","e02233","A","106","24","Gadus chalcogrammus",3994,"A"
"320","e02233-A","sample","e02233","A","106","24","Gadus macrocephalus",28356.9970503735,"A"
"321","e02233-B","sample","e02233","B","106","24","Gadus chalcogrammus",6340,"A"
"322","e02233-B","sample","e02233","B","106","24","Gadus macrocephalus",37416.9575560237,"A"
"323","e02233-C","sample","e02233","C","106","24","Gadus chalcogrammus",3109,"A"
"324","e02233-C","sample","e02233","C","106","24","Gadus macrocephalus",24843.7164527868,"A"
"325","e02235-A","sample","e02235","A","351","32","Gadus chalcogrammus",2641,"A"
"326","e02235-A","sample","e02235","A","351","32","Gadus macrocephalus",25950.154414863,"A"
"327","e02235-B","sample","e02235","B","351","32","Gadus chalcogrammus",3922,"A"
"328","e02235-B","sample","e02235","B","351","32","Gadus macrocephalus",37003.4456234438,"A"
"329","e02235-C","sample","e02235","C","351","32","Gadus chalcogrammus",1596,"A"
"330","e02235-C","sample","e02235","C","351","32","Gadus macrocephalus",20680.9675158016,"A"
"331","e02237-A","sample","e02237","A","313","32","Gadus chalcogrammus",9002,"A"
"332","e02237-A","sample","e02237","A","313","32","Gadus macrocephalus",23333.1675924153,"A"
"333","e02237-B","sample","e02237","B","313","32","Gadus chalcogrammus",14519,"A"
"334","e02237-B","sample","e02237","B","313","32","Gadus macrocephalus",30371.6175445317,"A"
"335","e02237-C","sample","e02237","C","313","32","Gadus chalcogrammus",6467,"A"
"336","e02237-C","sample","e02237","C","313","32","Gadus macrocephalus",20990.4050565026,"A"
"337","e02241-A","sample","e02241","A","212","43","Gadus chalcogrammus",0,"A"
"338","e02241-A","sample","e02241","A","212","43","Gadus macrocephalus",30035.6442060908,"A"
"339","e02241-B","sample","e02241","B","212","43","Gadus chalcogrammus",307,"A"
"340","e02241-B","sample","e02241","B","212","43","Gadus macrocephalus",37495.2972993679,"A"
"341","e02241-C","sample","e02241","C","212","43","Gadus chalcogrammus",114,"A"
"342","e02241-C","sample","e02241","C","212","43","Gadus macrocephalus",30219.3170656962,"A"
"343","e02243-A","sample","e02243","A","301","43","Gadus chalcogrammus",144,"A"
"344","e02243-A","sample","e02243","A","301","43","Gadus macrocephalus",34411.6512928558,"A"
"345","e02243-B","sample","e02243","B","301","43","Gadus chalcogrammus",388,"A"
"346","e02243-B","sample","e02243","B","301","43","Gadus macrocephalus",44635.964336334,"A"
"347","e02243-C","sample","e02243","C","301","43","Gadus chalcogrammus",798,"A"
"348","e02243-C","sample","e02243","C","301","43","Gadus macrocephalus",36832.4817850986,"A"
"349","e02245-A","sample","e02245","A","72","43","Gadus chalcogrammus",239,"A"
"350","e02245-A","sample","e02245","A","72","43","Gadus macrocephalus",36353.5962076231,"A"
"351","e02245-B","sample","e02245","B","72","43","Gadus chalcogrammus",814,"A"
"352","e02245-B","sample","e02245","B","72","43","Gadus macrocephalus",41173.2636276575,"A"
"353","e02245-C","sample","e02245","C","72","43","Gadus chalcogrammus",0,"A"
"354","e02245-C","sample","e02245","C","72","43","Gadus macrocephalus",33664.6488029113,"A"
"355","e02357-A","sample","e02357","A","70","65","Boreogadus saida",0,"A"
"356","e02357-A","sample","e02357","A","70","65","Gadus chalcogrammus",22644,"A"
"357","e02357-A","sample","e02357","A","70","65","Gadus macrocephalus",2298,"A"
"358","e02357-B","sample","e02357","B","70","65","Boreogadus saida",0,"A"
"359","e02357-B","sample","e02357","B","70","65","Gadus chalcogrammus",36130,"A"
"360","e02357-B","sample","e02357","B","70","65","Gadus macrocephalus",5022,"A"
"361","e02357-C","sample","e02357","C","70","65","Boreogadus saida",0,"A"
"362","e02357-C","sample","e02357","C","70","65","Gadus chalcogrammus",26385,"A"
"363","e02357-C","sample","e02357","C","70","65","Gadus macrocephalus",3172,"A"
"364","e02358-A","sample","e02358","A","269","65","Boreogadus saida",0,"A"
"365","e02358-A","sample","e02358","A","269","65","Gadus chalcogrammus",30226,"A"
"366","e02358-A","sample","e02358","A","269","65","Gadus macrocephalus",2456,"A"
"367","e02358-B","sample","e02358","B","269","65","Boreogadus saida",71,"A"
"368","e02358-B","sample","e02358","B","269","65","Gadus chalcogrammus",26596,"A"
"369","e02358-B","sample","e02358","B","269","65","Gadus macrocephalus",2521,"A"
"370","e02358-C","sample","e02358","C","269","65","Boreogadus saida",77,"A"
"371","e02358-C","sample","e02358","C","269","65","Gadus chalcogrammus",28767,"A"
"372","e02358-C","sample","e02358","C","269","65","Gadus macrocephalus",2524,"A"
"373","e02361-A","sample","e02361","A","214","65","Boreogadus saida",0,"A"
"374","e02361-A","sample","e02361","A","214","65","Gadus chalcogrammus",23564,"A"
"375","e02361-A","sample","e02361","A","214","65","Gadus macrocephalus",2960,"A"
"376","e02361-B","sample","e02361","B","214","65","Boreogadus saida",51,"A"
"377","e02361-B","sample","e02361","B","214","65","Gadus chalcogrammus",31096,"A"
"378","e02361-B","sample","e02361","B","214","65","Gadus macrocephalus",4742,"A"
"379","e02361-C","sample","e02361","C","214","65","Boreogadus saida",0,"A"
"380","e02361-C","sample","e02361","C","214","65","Gadus chalcogrammus",28379,"A"
"381","e02361-C","sample","e02361","C","214","65","Gadus macrocephalus",2982,"A"
"382","e02364-A","sample","e02364","A","34","45","Boreogadus saida",1403,"A"
"383","e02364-A","sample","e02364","A","34","45","Gadus chalcogrammus",17424,"A"
"384","e02364-A","sample","e02364","A","34","45","Gadus macrocephalus",8682,"A"
"385","e02364-B","sample","e02364","B","34","45","Boreogadus saida",2285,"A"
"386","e02364-B","sample","e02364","B","34","45","Gadus chalcogrammus",23261,"A"
"387","e02364-B","sample","e02364","B","34","45","Gadus macrocephalus",13504,"A"
"388","e02364-C","sample","e02364","C","34","45","Boreogadus saida",1138,"A"
"389","e02364-C","sample","e02364","C","34","45","Gadus chalcogrammus",16598,"A"
"390","e02364-C","sample","e02364","C","34","45","Gadus macrocephalus",9388,"A"
"391","e02365-A","sample","e02365","A","350","45","Boreogadus saida",1936,"A"
"392","e02365-A","sample","e02365","A","350","45","Gadus chalcogrammus",10449,"A"
"393","e02365-A","sample","e02365","A","350","45","Gadus macrocephalus",14017,"A"
"394","e02365-B","sample","e02365","B","350","45","Boreogadus saida",5004,"A"
"395","e02365-B","sample","e02365","B","350","45","Gadus chalcogrammus",19492,"A"
"396","e02365-B","sample","e02365","B","350","45","Gadus macrocephalus",23093,"A"
"397","e02365-C","sample","e02365","C","350","45","Boreogadus saida",1311,"A"
"398","e02365-C","sample","e02365","C","350","45","Gadus chalcogrammus",13041,"A"
"399","e02365-C","sample","e02365","C","350","45","Gadus macrocephalus",14383,"A"
"400","e02368-A","sample","e02368","A","189","45","Boreogadus saida",1339,"A"
"401","e02368-A","sample","e02368","A","189","45","Gadus chalcogrammus",13728,"A"
"402","e02368-A","sample","e02368","A","189","45","Gadus macrocephalus",9641,"A"
"403","e02368-B","sample","e02368","B","189","45","Boreogadus saida",1701,"A"
"404","e02368-B","sample","e02368","B","189","45","Gadus chalcogrammus",24127,"A"
"405","e02368-B","sample","e02368","B","189","45","Gadus macrocephalus",13565,"A"
"406","e02368-C","sample","e02368","C","189","45","Boreogadus saida",1480,"A"
"407","e02368-C","sample","e02368","C","189","45","Gadus chalcogrammus",18808,"A"
"408","e02368-C","sample","e02368","C","189","45","Gadus macrocephalus",11416,"A"
"409","e02376-A","sample","e02376","A","437","30","Gadus chalcogrammus",16497,"A"
"410","e02376-A","sample","e02376","A","437","30","Gadus macrocephalus",8746,"A"
"411","e02376-B","sample","e02376","B","437","30","Gadus chalcogrammus",27333,"A"
"412","e02376-B","sample","e02376","B","437","30","Gadus macrocephalus",13003,"A"
"413","e02376-C","sample","e02376","C","437","30","Gadus chalcogrammus",18131,"A"
"414","e02376-C","sample","e02376","C","437","30","Gadus macrocephalus",8176,"A"
"415","e02377-A","sample","e02377","A","485","58","Boreogadus saida",1526,"A"
"416","e02377-A","sample","e02377","A","485","58","Gadus chalcogrammus",16330,"A"
"417","e02377-A","sample","e02377","A","485","58","Gadus macrocephalus",2513.94859222371,"A"
"418","e02377-B","sample","e02377","B","485","58","Boreogadus saida",2431,"A"
"419","e02377-B","sample","e02377","B","485","58","Gadus chalcogrammus",23068,"A"
"420","e02377-B","sample","e02377","B","485","58","Gadus macrocephalus",3269.70178126796,"A"
"421","e02377-C","sample","e02377","C","485","58","Boreogadus saida",2247,"A"
"422","e02377-C","sample","e02377","C","485","58","Gadus chalcogrammus",15162,"A"
"423","e02377-C","sample","e02377","C","485","58","Gadus macrocephalus",3238.64075847539,"A"
"424","e02378-A","sample","e02378","A","151","58","Boreogadus saida",3774,"A"
"425","e02378-A","sample","e02378","A","151","58","Gadus chalcogrammus",19173,"A"
"426","e02378-A","sample","e02378","A","151","58","Gadus macrocephalus",3673.09580540126,"A"
"427","e02378-B","sample","e02378","B","151","58","Boreogadus saida",3673,"A"
"428","e02378-B","sample","e02378","B","151","58","Gadus chalcogrammus",32094,"A"
"429","e02378-B","sample","e02378","B","151","58","Gadus macrocephalus",6615.38517525378,"A"
"430","e02378-C","sample","e02378","C","151","58","Boreogadus saida",2546,"A"
"431","e02378-C","sample","e02378","C","151","58","Gadus chalcogrammus",22930,"A"
"432","e02378-C","sample","e02378","C","151","58","Gadus macrocephalus",3512.69105535338,"A"
"433","e02379-A","sample","e02379","A","86","58","Boreogadus saida",6333,"A"
"434","e02379-A","sample","e02379","A","86","58","Gadus chalcogrammus",21372,"A"
"435","e02379-A","sample","e02379","A","86","58","Gadus macrocephalus",4912.6656196131,"A"
"436","e02379-B","sample","e02379","B","86","58","Boreogadus saida",5157,"A"
"437","e02379-B","sample","e02379","B","86","58","Gadus chalcogrammus",29499,"A"
"438","e02379-B","sample","e02379","B","86","58","Gadus macrocephalus",2845.42815552576,"A"
"439","e02379-C","sample","e02379","C","86","58","Boreogadus saida",3169,"A"
"440","e02379-C","sample","e02379","C","86","58","Gadus chalcogrammus",16438,"A"
"441","e02379-C","sample","e02379","C","86","58","Gadus macrocephalus",4547.47159547979,"A"
"442","e02381-A","sample","e02381","A","466","60","Gadus macrocephalus",35844.3899253017,"A"
"443","e02381-B","sample","e02381","B","466","60","Gadus macrocephalus",35879.3781267956,"A"
"444","e02381-C","sample","e02381","C","466","60","Gadus macrocephalus",33893.4653897721,"A"
"445","e02382-A","sample","e02382","A","489","60","Gadus macrocephalus",25726.2574219498,"A"
"446","e02382-B","sample","e02382","B","489","60","Gadus macrocephalus",40146.2253974334,"A"
"447","e02382-C","sample","e02382","C","489","60","Gadus macrocephalus",29672.0196131009,"A"
"448","e02383-A","sample","e02383","A","219","60","Gadus macrocephalus",36046.1990040222,"A"
"449","e02383-B","sample","e02383","B","219","60","Gadus macrocephalus",32726.3470599502,"A"
"450","e02383-C","sample","e02383","C","219","60","Gadus macrocephalus",29092.6492242865,"A"
"451","e02384-A","sample","e02384","A","411","30","Gadus chalcogrammus",20276,"A"
"452","e02384-A","sample","e02384","A","411","30","Gadus macrocephalus",10415,"A"
"453","e02384-B","sample","e02384","B","411","30","Gadus chalcogrammus",23313,"A"
"454","e02384-B","sample","e02384","B","411","30","Gadus macrocephalus",11603,"A"
"455","e02384-C","sample","e02384","C","411","30","Gadus chalcogrammus",15794,"A"
"456","e02384-C","sample","e02384","C","411","30","Gadus macrocephalus",7678,"A"
"457","e02385-A","sample","e02385","A","270","30","Gadus chalcogrammus",14609,"A"
"458","e02385-A","sample","e02385","A","270","30","Gadus macrocephalus",9215,"A"
"459","e02385-B","sample","e02385","B","270","30","Gadus chalcogrammus",25494,"A"
"460","e02385-B","sample","e02385","B","270","30","Gadus macrocephalus",14387,"A"
"461","e02385-C","sample","e02385","C","270","30","Gadus chalcogrammus",14805,"A"
"462","e02385-C","sample","e02385","C","270","30","Gadus macrocephalus",8572,"A"
"463","e02386-A","sample","e02386","A","42","78","Boreogadus saida",0,"A"
"464","e02386-A","sample","e02386","A","42","78","Gadus chalcogrammus",32062,"A"
"465","e02386-A","sample","e02386","A","42","78","Gadus macrocephalus",26,"A"
"466","e02386-B","sample","e02386","B","42","78","Boreogadus saida",0,"A"
"467","e02386-B","sample","e02386","B","42","78","Gadus chalcogrammus",37457,"A"
"468","e02386-B","sample","e02386","B","42","78","Gadus macrocephalus",12,"A"
"469","e02386-C","sample","e02386","C","42","78","Boreogadus saida",0,"A"
"470","e02386-C","sample","e02386","C","42","78","Gadus chalcogrammus",26321,"A"
"471","e02386-C","sample","e02386","C","42","78","Gadus macrocephalus",0,"A"
"472","e02388-A","sample","e02388","A","127","73","Gadus macrocephalus",36346,"A"
"473","e02388-B","sample","e02388","B","127","73","Gadus macrocephalus",51347,"A"
"474","e02388-C","sample","e02388","C","127","73","Gadus macrocephalus",40198,"A"
"475","e02389-A","sample","e02389","A","490","73","Gadus macrocephalus",35283,"A"
"476","e02389-B","sample","e02389","B","490","73","Gadus macrocephalus",54437,"A"
"477","e02389-C","sample","e02389","C","490","73","Gadus macrocephalus",39507,"A"
"478","e02390-A","sample","e02390","A","77","73","Gadus macrocephalus",42624,"A"
"479","e02390-B","sample","e02390","B","77","73","Gadus macrocephalus",40106,"A"
"480","e02390-C","sample","e02390","C","77","73","Gadus macrocephalus",39837,"A"
"481","e02391-A","sample","e02391","A","131","92","Boreogadus saida",337,"A"
"482","e02391-A","sample","e02391","A","131","92","Gadus chalcogrammus",21666,"A"
"483","e02391-A","sample","e02391","A","131","92","Gadus macrocephalus",130,"A"
"484","e02391-B","sample","e02391","B","131","92","Boreogadus saida",441,"A"
"485","e02391-B","sample","e02391","B","131","92","Gadus chalcogrammus",37886,"A"
"486","e02391-B","sample","e02391","B","131","92","Gadus macrocephalus",33,"A"
"487","e02391-C","sample","e02391","C","131","92","Boreogadus saida",98,"A"
"488","e02391-C","sample","e02391","C","131","92","Gadus chalcogrammus",28239,"A"
"489","e02391-C","sample","e02391","C","131","92","Gadus macrocephalus",103,"A"
"490","e02394-A","sample","e02394","A","375","55","Boreogadus saida",0,"A"
"491","e02394-A","sample","e02394","A","375","55","Gadus chalcogrammus",15944,"A"
"492","e02394-A","sample","e02394","A","375","55","Gadus macrocephalus",12593,"A"
"493","e02394-B","sample","e02394","B","375","55","Boreogadus saida",260,"A"
"494","e02394-B","sample","e02394","B","375","55","Gadus chalcogrammus",27421,"A"
"495","e02394-B","sample","e02394","B","375","55","Gadus macrocephalus",16071,"A"
"496","e02394-C","sample","e02394","C","375","55","Boreogadus saida",0,"A"
"497","e02394-C","sample","e02394","C","375","55","Gadus chalcogrammus",26752,"A"
"498","e02394-C","sample","e02394","C","375","55","Gadus macrocephalus",12537,"A"
"499","e02395-A","field_blank","e02395","A","55","T","Boreogadus saida",1855,"A"
"500","e02395-A","field_blank","e02395","A","55","T","Gadus chalcogrammus",0,"A"
"501","e02395-A","field_blank","e02395","A","55","T","Gadus macrocephalus",0,"A"
"502","e02395-C","field_blank","e02395","C","55","T","Boreogadus saida",7644,"A"
"503","e02395-C","field_blank","e02395","C","55","T","Gadus chalcogrammus",0,"A"
"504","e02395-C","field_blank","e02395","C","55","T","Gadus macrocephalus",0,"A"
"505","e02396-A","sample","e02396","A","202","79","Boreogadus saida",1334,"A"
"506","e02396-A","sample","e02396","A","202","79","Gadus macrocephalus",35257,"A"
"507","e02396-B","sample","e02396","B","202","79","Boreogadus saida",1328,"A"
"508","e02396-B","sample","e02396","B","202","79","Gadus macrocephalus",40691,"A"
"509","e02396-C","sample","e02396","C","202","79","Boreogadus saida",1073,"A"
"510","e02396-C","sample","e02396","C","202","79","Gadus macrocephalus",40836,"A"
"511","e02397-A","sample","e02397","A","281","79","Boreogadus saida",1551,"A"
"512","e02397-A","sample","e02397","A","281","79","Gadus macrocephalus",34478,"A"
"513","e02397-B","sample","e02397","B","281","79","Boreogadus saida",1591,"A"
"514","e02397-B","sample","e02397","B","281","79","Gadus macrocephalus",36120,"A"
"515","e02397-C","sample","e02397","C","281","79","Boreogadus saida",685,"A"
"516","e02397-C","sample","e02397","C","281","79","Gadus macrocephalus",36138,"A"
"517","e02400-A","sample","e02400","A","82","91","Boreogadus saida",0,"A"
"518","e02400-A","sample","e02400","A","82","91","Gadus macrocephalus",7871,"A"
"519","e02400-B","sample","e02400","B","82","91","Boreogadus saida",82,"A"
"520","e02400-B","sample","e02400","B","82","91","Gadus macrocephalus",9029,"A"
"521","e02400-C","sample","e02400","C","82","91","Boreogadus saida",66,"A"
"522","e02400-C","sample","e02400","C","82","91","Gadus macrocephalus",5624,"A"
"523","e02401-A","sample","e02401","A","16","91","Boreogadus saida",351,"A"
"524","e02401-A","sample","e02401","A","16","91","Gadus macrocephalus",34588,"A"
"525","e02401-B","sample","e02401","B","16","91","Boreogadus saida",275,"A"
"526","e02401-B","sample","e02401","B","16","91","Gadus macrocephalus",49564,"A"
"527","e02401-C","sample","e02401","C","16","91","Boreogadus saida",354,"A"
"528","e02401-C","sample","e02401","C","16","91","Gadus macrocephalus",37849,"A"
"529","e02402-A","sample","e02402","A","216","79","Boreogadus saida",1303,"A"
"530","e02402-A","sample","e02402","A","216","79","Gadus macrocephalus",38932,"A"
"531","e02402-B","sample","e02402","B","216","79","Boreogadus saida",791,"A"
"532","e02402-B","sample","e02402","B","216","79","Gadus macrocephalus",48557,"A"
"533","e02402-C","sample","e02402","C","216","79","Boreogadus saida",744,"A"
"534","e02402-C","sample","e02402","C","216","79","Gadus macrocephalus",23280,"A"
"535","e02406-A","sample","e02406","A","317","91","Boreogadus saida",238,"A"
"536","e02406-A","sample","e02406","A","317","91","Gadus macrocephalus",26979,"A"
"537","e02406-B","sample","e02406","B","317","91","Boreogadus saida",879,"A"
"538","e02406-B","sample","e02406","B","317","91","Gadus macrocephalus",56789,"A"
"539","e02406-C","sample","e02406","C","317","91","Boreogadus saida",578,"A"
"540","e02406-C","sample","e02406","C","317","91","Gadus macrocephalus",39066,"A"
"541","e02407-A","sample","e02407","A","376","71","Boreogadus saida",15001,"A"
"542","e02407-A","sample","e02407","A","376","71","Gadus macrocephalus",5915,"A"
"543","e02407-B","sample","e02407","B","376","71","Boreogadus saida",17115,"A"
"544","e02407-B","sample","e02407","B","376","71","Gadus macrocephalus",7122,"A"
"545","e02407-C","sample","e02407","C","376","71","Boreogadus saida",18129,"A"
"546","e02407-C","sample","e02407","C","376","71","Gadus macrocephalus",4376,"A"
"547","e02408-A","sample","e02408","A","128","71","Boreogadus saida",25558,"A"
"548","e02408-A","sample","e02408","A","128","71","Gadus macrocephalus",2321,"A"
"549","e02408-B","sample","e02408","B","128","71","Boreogadus saida",18102,"A"
"550","e02408-B","sample","e02408","B","128","71","Gadus macrocephalus",4683,"A"
"551","e02408-C","sample","e02408","C","128","71","Boreogadus saida",28801,"A"
"552","e02408-C","sample","e02408","C","128","71","Gadus macrocephalus",5876,"A"
"553","e02409-A","sample","e02409","A","282","71","Boreogadus saida",24819,"A"
"554","e02409-A","sample","e02409","A","282","71","Gadus macrocephalus",3328,"A"
"555","e02409-B","sample","e02409","B","282","71","Boreogadus saida",21848,"A"
"556","e02409-B","sample","e02409","B","282","71","Gadus macrocephalus",3050,"A"
"557","e02409-C","sample","e02409","C","282","71","Boreogadus saida",18841,"A"
"558","e02409-C","sample","e02409","C","282","71","Gadus macrocephalus",1480,"A"
"559","e02411-A","sample","e02411","A","84","42","Gadus macrocephalus",32068,"A"
"560","e02411-B","sample","e02411","B","84","42","Gadus macrocephalus",38810,"A"
"561","e02411-C","sample","e02411","C","84","42","Gadus macrocephalus",30844,"A"
"562","e02412-A","sample","e02412","A","47","42","Gadus macrocephalus",53646,"A"
"563","e02412-B","sample","e02412","B","47","42","Gadus macrocephalus",58256,"A"
"564","e02412-C","sample","e02412","C","47","42","Gadus macrocephalus",39397,"A"
"565","e02413-A","sample","e02413","A","31","42","Gadus macrocephalus",7399,"A"
"566","e02413-B","sample","e02413","B","31","42","Gadus macrocephalus",14297,"A"
"567","e02413-C","sample","e02413","C","31","42","Gadus macrocephalus",37630,"A"
"568","e02414-A","sample","e02414","A","320","9","Boreogadus saida",6030,"A"
"569","e02414-A","sample","e02414","A","320","9","Gadus macrocephalus",11058,"A"
"570","e02414-B","sample","e02414","B","320","9","Boreogadus saida",5120,"A"
"571","e02414-B","sample","e02414","B","320","9","Gadus macrocephalus",3063,"A"
"572","e02414-C","sample","e02414","C","320","9","Boreogadus saida",10060,"A"
"573","e02414-C","sample","e02414","C","320","9","Gadus macrocephalus",8824,"A"
"574","e02415-A","sample","e02415","A","280","9","Boreogadus saida",8376,"A"
"575","e02415-A","sample","e02415","A","280","9","Gadus macrocephalus",8823,"A"
"576","e02415-B","sample","e02415","B","280","9","Boreogadus saida",5738,"A"
"577","e02415-B","sample","e02415","B","280","9","Gadus macrocephalus",5697,"A"
"578","e02415-C","sample","e02415","C","280","9","Boreogadus saida",13706,"A"
"579","e02415-C","sample","e02415","C","280","9","Gadus macrocephalus",18368,"A"
"580","e02416-A","sample","e02416","A","95","50","Gadus macrocephalus",4368,"A"
"581","e02416-B","sample","e02416","B","95","50","Gadus macrocephalus",17231,"A"
"582","e02416-C","sample","e02416","C","95","50","Gadus macrocephalus",7246,"A"
"583","e02417-A","sample","e02417","A","17","50","Gadus macrocephalus",5480,"A"
"584","e02417-B","sample","e02417","B","17","50","Gadus macrocephalus",8506,"A"
"585","e02417-C","sample","e02417","C","17","50","Gadus macrocephalus",12201,"A"
"586","e02418-A","sample","e02418","A","369","50","Gadus macrocephalus",16763,"A"
"587","e02418-B","sample","e02418","B","369","50","Gadus macrocephalus",19165,"A"
"588","e02418-C","sample","e02418","C","369","50","Gadus macrocephalus",26511,"A"
"589","e02420-A","sample","e02420","A","177","9","Boreogadus saida",12688,"A"
"590","e02420-A","sample","e02420","A","177","9","Gadus macrocephalus",9421,"A"
"591","e02420-B","sample","e02420","B","177","9","Boreogadus saida",8415,"A"
"592","e02420-B","sample","e02420","B","177","9","Gadus macrocephalus",5010,"A"
"593","e02420-C","sample","e02420","C","177","9","Boreogadus saida",9276,"A"
"594","e02420-C","sample","e02420","C","177","9","Gadus macrocephalus",13333,"A"
"595","e02421-B","field_blank","e02421","B","188","T","Boreogadus saida",0,"A"
"596","e02421-B","field_blank","e02421","B","188","T","Gadus chalcogrammus",0,"A"
"597","e02421-B","field_blank","e02421","B","188","T","Gadus macrocephalus",3556,"A"
"598","e02421-C","field_blank","e02421","C","188","T","Boreogadus saida",0,"A"
"599","e02421-C","field_blank","e02421","C","188","T","Gadus chalcogrammus",0,"A"
"600","e02421-C","field_blank","e02421","C","188","T","Gadus macrocephalus",4052,"A"
"601","e02427-C","sample","e02427","C","153","51","Boreogadus saida",0,"A"
"602","e02427-C","sample","e02427","C","153","51","Gadus chalcogrammus",0,"A"
"603","e02427-C","sample","e02427","C","153","51","Gadus macrocephalus",1109,"A"
"604","e02428-A","sample","e02428","A","57","51","Boreogadus saida",3577,"A"
"605","e02428-A","sample","e02428","A","57","51","Gadus chalcogrammus",0,"A"
"606","e02428-A","sample","e02428","A","57","51","Gadus macrocephalus",0,"A"
"607","e02428-B","sample","e02428","B","57","51","Boreogadus saida",9886,"A"
"608","e02428-B","sample","e02428","B","57","51","Gadus chalcogrammus",0,"A"
"609","e02428-B","sample","e02428","B","57","51","Gadus macrocephalus",0,"A"
"610","e02428-C","sample","e02428","C","57","51","Boreogadus saida",4463,"A"
"611","e02428-C","sample","e02428","C","57","51","Gadus chalcogrammus",0,"A"
"612","e02428-C","sample","e02428","C","57","51","Gadus macrocephalus",0,"A"
"613","e02430-A","sample","e02430","A","247","38","Boreogadus saida",4690,"A"
"614","e02430-A","sample","e02430","A","247","38","Gadus macrocephalus",19437,"A"
"615","e02430-B","sample","e02430","B","247","38","Boreogadus saida",3079,"A"
"616","e02430-B","sample","e02430","B","247","38","Gadus macrocephalus",5454,"A"
"617","e02430-C","sample","e02430","C","247","38","Boreogadus saida",3765,"A"
"618","e02430-C","sample","e02430","C","247","38","Gadus macrocephalus",8528,"A"
"619","e02431-A","sample","e02431","A","240","38","Boreogadus saida",11211,"A"
"620","e02431-A","sample","e02431","A","240","38","Gadus macrocephalus",2071,"A"
"621","e02431-B","sample","e02431","B","240","38","Boreogadus saida",7412,"A"
"622","e02431-B","sample","e02431","B","240","38","Gadus macrocephalus",2909,"A"
"623","e02431-C","sample","e02431","C","240","38","Boreogadus saida",4348,"A"
"624","e02431-C","sample","e02431","C","240","38","Gadus macrocephalus",2622,"A"
"625","e02433-A","sample","e02433","A","405","92","Boreogadus saida",110,"A"
"626","e02433-A","sample","e02433","A","405","92","Gadus chalcogrammus",19307,"A"
"627","e02433-A","sample","e02433","A","405","92","Gadus macrocephalus",311,"A"
"628","e02433-B","sample","e02433","B","405","92","Boreogadus saida",258,"A"
"629","e02433-B","sample","e02433","B","405","92","Gadus chalcogrammus",32317,"A"
"630","e02433-B","sample","e02433","B","405","92","Gadus macrocephalus",0,"A"
"631","e02433-C","sample","e02433","C","405","92","Boreogadus saida",616,"A"
"632","e02433-C","sample","e02433","C","405","92","Gadus chalcogrammus",34707,"A"
"633","e02433-C","sample","e02433","C","405","92","Gadus macrocephalus",0,"A"
"634","e02434-A","sample","e02434","A","105","92","Boreogadus saida",310,"A"
"635","e02434-A","sample","e02434","A","105","92","Gadus chalcogrammus",20026,"A"
"636","e02434-A","sample","e02434","A","105","92","Gadus macrocephalus",80,"A"
"637","e02434-B","sample","e02434","B","105","92","Boreogadus saida",311,"A"
"638","e02434-B","sample","e02434","B","105","92","Gadus chalcogrammus",28626,"A"
"639","e02434-B","sample","e02434","B","105","92","Gadus macrocephalus",26,"A"
"640","e02434-C","sample","e02434","C","105","92","Boreogadus saida",456,"A"
"641","e02434-C","sample","e02434","C","105","92","Gadus chalcogrammus",30211,"A"
"642","e02434-C","sample","e02434","C","105","92","Gadus macrocephalus",324,"A"
"643","e02436-A","sample","e02436","A","171","10","Boreogadus saida",0,"A"
"644","e02436-A","sample","e02436","A","171","10","Gadus chalcogrammus",2211,"A"
"645","e02436-A","sample","e02436","A","171","10","Gadus macrocephalus",41674,"A"
"646","e02436-B","sample","e02436","B","171","10","Boreogadus saida",0,"A"
"647","e02436-B","sample","e02436","B","171","10","Gadus chalcogrammus",3151,"A"
"648","e02436-B","sample","e02436","B","171","10","Gadus macrocephalus",31967,"A"
"649","e02436-C","sample","e02436","C","171","10","Boreogadus saida",0,"A"
"650","e02436-C","sample","e02436","C","171","10","Gadus chalcogrammus",3028,"A"
"651","e02436-C","sample","e02436","C","171","10","Gadus macrocephalus",26315,"A"
"652","e02437-A","sample","e02437","A","335","10","Boreogadus saida",0,"A"
"653","e02437-A","sample","e02437","A","335","10","Gadus chalcogrammus",3623,"A"
"654","e02437-A","sample","e02437","A","335","10","Gadus macrocephalus",38040,"A"
"655","e02437-B","sample","e02437","B","335","10","Boreogadus saida",0,"A"
"656","e02437-B","sample","e02437","B","335","10","Gadus chalcogrammus",4469,"A"
"657","e02437-B","sample","e02437","B","335","10","Gadus macrocephalus",33175,"A"
"658","e02437-C","sample","e02437","C","335","10","Boreogadus saida",0,"A"
"659","e02437-C","sample","e02437","C","335","10","Gadus chalcogrammus",12033,"A"
"660","e02437-C","sample","e02437","C","335","10","Gadus macrocephalus",93900,"A"
"661","e02438-A","sample","e02438","A","475","10","Boreogadus saida",0,"A"
"662","e02438-A","sample","e02438","A","475","10","Gadus chalcogrammus",1758,"A"
"663","e02438-A","sample","e02438","A","475","10","Gadus macrocephalus",24942,"A"
"664","e02438-B","sample","e02438","B","475","10","Boreogadus saida",22,"A"
"665","e02438-B","sample","e02438","B","475","10","Gadus chalcogrammus",3111,"A"
"666","e02438-B","sample","e02438","B","475","10","Gadus macrocephalus",37039,"A"
"667","e02438-C","sample","e02438","C","475","10","Boreogadus saida",87,"A"
"668","e02438-C","sample","e02438","C","475","10","Gadus chalcogrammus",3987,"A"
"669","e02438-C","sample","e02438","C","475","10","Gadus macrocephalus",44947,"A"
"670","e02439-A","sample","e02439","A","56","64","Boreogadus saida",65,"A"
"671","e02439-A","sample","e02439","A","56","64","Gadus chalcogrammus",19795,"A"
"672","e02439-A","sample","e02439","A","56","64","Gadus macrocephalus",2211,"A"
"673","e02439-B","sample","e02439","B","56","64","Boreogadus saida",482,"A"
"674","e02439-B","sample","e02439","B","56","64","Gadus chalcogrammus",13227,"A"
"675","e02439-B","sample","e02439","B","56","64","Gadus macrocephalus",898,"A"
"676","e02439-C","sample","e02439","C","56","64","Boreogadus saida",0,"A"
"677","e02439-C","sample","e02439","C","56","64","Gadus chalcogrammus",26227,"A"
"678","e02439-C","sample","e02439","C","56","64","Gadus macrocephalus",4488,"A"
"679","e02440-A","sample","e02440","A","195","64","Boreogadus saida",0,"A"
"680","e02440-A","sample","e02440","A","195","64","Gadus chalcogrammus",9583,"A"
"681","e02440-A","sample","e02440","A","195","64","Gadus macrocephalus",616,"A"
"682","e02440-B","sample","e02440","B","195","64","Boreogadus saida",464,"A"
"683","e02440-B","sample","e02440","B","195","64","Gadus chalcogrammus",23422,"A"
"684","e02440-B","sample","e02440","B","195","64","Gadus macrocephalus",4538,"A"
"685","e02440-C","sample","e02440","C","195","64","Boreogadus saida",185,"A"
"686","e02440-C","sample","e02440","C","195","64","Gadus chalcogrammus",13137,"A"
"687","e02440-C","sample","e02440","C","195","64","Gadus macrocephalus",1357,"A"
"688","e02441-A","sample","e02441","A","287","64","Boreogadus saida",662,"A"
"689","e02441-A","sample","e02441","A","287","64","Gadus chalcogrammus",15838,"A"
"690","e02441-A","sample","e02441","A","287","64","Gadus macrocephalus",1701,"A"
"691","e02441-B","sample","e02441","B","287","64","Boreogadus saida",1440,"A"
"692","e02441-B","sample","e02441","B","287","64","Gadus chalcogrammus",28208,"A"
"693","e02441-B","sample","e02441","B","287","64","Gadus macrocephalus",1547,"A"
"694","e02441-C","sample","e02441","C","287","64","Boreogadus saida",881,"A"
"695","e02441-C","sample","e02441","C","287","64","Gadus chalcogrammus",22856,"A"
"696","e02441-C","sample","e02441","C","287","64","Gadus macrocephalus",1741,"A"
"697","e02443-A","sample","e02443","A","357","97","Gadus chalcogrammus",2388,"A"
"698","e02443-A","sample","e02443","A","357","97","Gadus macrocephalus",7095,"A"
"699","e02443-B","sample","e02443","B","357","97","Gadus chalcogrammus",4185,"A"
"700","e02443-B","sample","e02443","B","357","97","Gadus macrocephalus",9532,"A"
"701","e02443-C","sample","e02443","C","357","97","Gadus chalcogrammus",4471,"A"
"702","e02443-C","sample","e02443","C","357","97","Gadus macrocephalus",9075,"A"
"703","e02444-A","sample","e02444","A","246","97","Gadus chalcogrammus",7960,"A"
"704","e02444-A","sample","e02444","A","246","97","Gadus macrocephalus",26494,"A"
"705","e02444-B","sample","e02444","B","246","97","Gadus chalcogrammus",8182,"A"
"706","e02444-B","sample","e02444","B","246","97","Gadus macrocephalus",25795,"A"
"707","e02444-C","sample","e02444","C","246","97","Gadus chalcogrammus",11699,"A"
"708","e02444-C","sample","e02444","C","246","97","Gadus macrocephalus",29822,"A"
"709","e02445-A","sample","e02445","A","387","97","Gadus chalcogrammus",6275,"A"
"710","e02445-A","sample","e02445","A","387","97","Gadus macrocephalus",19817,"A"
"711","e02445-B","sample","e02445","B","387","97","Gadus chalcogrammus",10940,"A"
"712","e02445-B","sample","e02445","B","387","97","Gadus macrocephalus",31281,"A"
"713","e02445-C","sample","e02445","C","387","97","Gadus chalcogrammus",13164,"A"
"714","e02445-C","sample","e02445","C","387","97","Gadus macrocephalus",37067,"A"
"715","e02446-A","sample","e02446","A","386","93","Gadus chalcogrammus",25525,"A"
"716","e02446-A","sample","e02446","A","386","93","Gadus macrocephalus",703,"A"
"717","e02446-B","sample","e02446","B","386","93","Gadus chalcogrammus",32158,"A"
"718","e02446-B","sample","e02446","B","386","93","Gadus macrocephalus",748,"A"
"719","e02446-C","sample","e02446","C","386","93","Gadus chalcogrammus",38697,"A"
"720","e02446-C","sample","e02446","C","386","93","Gadus macrocephalus",1484,"A"
"721","e02447-A","sample","e02447","A","238","93","Gadus chalcogrammus",25006,"A"
"722","e02447-A","sample","e02447","A","238","93","Gadus macrocephalus",447,"A"
"723","e02447-B","sample","e02447","B","238","93","Gadus chalcogrammus",29082,"A"
"724","e02447-B","sample","e02447","B","238","93","Gadus macrocephalus",1257,"A"
"725","e02447-C","sample","e02447","C","238","93","Gadus chalcogrammus",30960,"A"
"726","e02447-C","sample","e02447","C","238","93","Gadus macrocephalus",1337,"A"
"727","e02448-A","sample","e02448","A","54","93","Gadus chalcogrammus",27443,"A"
"728","e02448-A","sample","e02448","A","54","93","Gadus macrocephalus",1818,"A"
"729","e02448-B","sample","e02448","B","54","93","Gadus chalcogrammus",20225,"A"
"730","e02448-B","sample","e02448","B","54","93","Gadus macrocephalus",1139,"A"
"731","e02448-C","sample","e02448","C","54","93","Gadus chalcogrammus",30886,"A"
"732","e02448-C","sample","e02448","C","54","93","Gadus macrocephalus",2971,"A"
"733","e02450-A","sample","e02450","A","239","46","Boreogadus saida",3527,"B"
"734","e02450-A","sample","e02450","A","239","46","Gadus chalcogrammus",2633,"B"
"735","e02450-A","sample","e02450","A","239","46","Gadus macrocephalus",14874,"B"
"736","e02450-B","sample","e02450","B","239","46","Boreogadus saida",6806,"B"
"737","e02450-B","sample","e02450","B","239","46","Gadus chalcogrammus",5316,"B"
"738","e02450-B","sample","e02450","B","239","46","Gadus macrocephalus",31138,"B"
"739","e02450-C","sample","e02450","C","239","46","Boreogadus saida",4989,"B"
"740","e02450-C","sample","e02450","C","239","46","Gadus chalcogrammus",4438,"B"
"741","e02450-C","sample","e02450","C","239","46","Gadus macrocephalus",25608,"B"
"742","e02452-A","sample","e02452","A","473","46","Boreogadus saida",4860,"B"
"743","e02452-A","sample","e02452","A","473","46","Gadus chalcogrammus",2814,"B"
"744","e02452-A","sample","e02452","A","473","46","Gadus macrocephalus",17869,"B"
"745","e02452-B","sample","e02452","B","473","46","Boreogadus saida",4571,"B"
"746","e02452-B","sample","e02452","B","473","46","Gadus chalcogrammus",3545,"B"
"747","e02452-B","sample","e02452","B","473","46","Gadus macrocephalus",20379,"B"
"748","e02452-C","sample","e02452","C","473","46","Boreogadus saida",5763,"B"
"749","e02452-C","sample","e02452","C","473","46","Gadus chalcogrammus",4226,"B"
"750","e02452-C","sample","e02452","C","473","46","Gadus macrocephalus",21858,"B"
"751","e02453-A","sample","e02453","A","45","46","Boreogadus saida",4558,"B"
"752","e02453-A","sample","e02453","A","45","46","Gadus chalcogrammus",5507,"B"
"753","e02453-A","sample","e02453","A","45","46","Gadus macrocephalus",17326,"B"
"754","e02453-B","sample","e02453","B","45","46","Boreogadus saida",5104,"B"
"755","e02453-B","sample","e02453","B","45","46","Gadus chalcogrammus",7370,"B"
"756","e02453-B","sample","e02453","B","45","46","Gadus macrocephalus",22556,"B"
"757","e02453-C","sample","e02453","C","45","46","Boreogadus saida",6773,"B"
"758","e02453-C","sample","e02453","C","45","46","Gadus chalcogrammus",7228,"B"
"759","e02453-C","sample","e02453","C","45","46","Gadus macrocephalus",25367,"B"
"760","e02454-A","sample","e02454","A","111","96","Boreogadus saida",13,"B"
"761","e02454-A","sample","e02454","A","111","96","Gadus chalcogrammus",18062,"B"
"762","e02454-A","sample","e02454","A","111","96","Gadus macrocephalus",4948,"B"
"763","e02454-B","sample","e02454","B","111","96","Boreogadus saida",5,"B"
"764","e02454-B","sample","e02454","B","111","96","Gadus chalcogrammus",36946,"B"
"765","e02454-B","sample","e02454","B","111","96","Gadus macrocephalus",8271,"B"
"766","e02454-C","sample","e02454","C","111","96","Boreogadus saida",0,"B"
"767","e02454-C","sample","e02454","C","111","96","Gadus chalcogrammus",35576,"B"
"768","e02454-C","sample","e02454","C","111","96","Gadus macrocephalus",9901,"B"
"769","e02455-A","sample","e02455","A","440","96","Boreogadus saida",0,"B"
"770","e02455-A","sample","e02455","A","440","96","Gadus chalcogrammus",18788,"B"
"771","e02455-A","sample","e02455","A","440","96","Gadus macrocephalus",2730,"B"
"772","e02455-C","sample","e02455","C","440","96","Boreogadus saida",0,"B"
"773","e02455-C","sample","e02455","C","440","96","Gadus chalcogrammus",31586,"B"
"774","e02455-C","sample","e02455","C","440","96","Gadus macrocephalus",8157,"B"
"775","e02456-A","sample","e02456","A","132","96","Boreogadus saida",110,"B"
"776","e02456-A","sample","e02456","A","132","96","Gadus chalcogrammus",14574,"B"
"777","e02456-A","sample","e02456","A","132","96","Gadus macrocephalus",4608,"B"
"778","e02456-B","sample","e02456","B","132","96","Boreogadus saida",0,"B"
"779","e02456-B","sample","e02456","B","132","96","Gadus chalcogrammus",24357,"B"
"780","e02456-B","sample","e02456","B","132","96","Gadus macrocephalus",6446,"B"
"781","e02456-C","sample","e02456","C","132","96","Boreogadus saida",0,"B"
"782","e02456-C","sample","e02456","C","132","96","Gadus chalcogrammus",21463,"B"
"783","e02456-C","sample","e02456","C","132","96","Gadus macrocephalus",5752,"B"
"784","e02458-A","sample","e02458","A","92","56","Boreogadus saida",11537,"B"
"785","e02458-A","sample","e02458","A","92","56","Gadus macrocephalus",14347,"B"
"786","e02458-B","sample","e02458","B","92","56","Boreogadus saida",19545,"B"
"787","e02458-B","sample","e02458","B","92","56","Gadus macrocephalus",24543,"B"
"788","e02458-C","sample","e02458","C","92","56","Boreogadus saida",18202,"B"
"789","e02458-C","sample","e02458","C","92","56","Gadus macrocephalus",23914,"B"
"790","e02459-A","sample","e02459","A","449","49","Boreogadus saida",103,"B"
"791","e02459-A","sample","e02459","A","449","49","Gadus chalcogrammus",25197,"B"
"792","e02459-A","sample","e02459","A","449","49","Gadus macrocephalus",0,"B"
"793","e02459-B","sample","e02459","B","449","49","Boreogadus saida",253,"B"
"794","e02459-B","sample","e02459","B","449","49","Gadus chalcogrammus",44608,"B"
"795","e02459-B","sample","e02459","B","449","49","Gadus macrocephalus",291,"B"
"796","e02459-C","sample","e02459","C","449","49","Boreogadus saida",84,"B"
"797","e02459-C","sample","e02459","C","449","49","Gadus chalcogrammus",44751,"B"
"798","e02459-C","sample","e02459","C","449","49","Gadus macrocephalus",3,"B"
"799","e02460-A","sample","e02460","A","477","49","Boreogadus saida",100,"B"
"800","e02460-A","sample","e02460","A","477","49","Gadus chalcogrammus",14729,"B"
"801","e02460-A","sample","e02460","A","477","49","Gadus macrocephalus",0,"B"
"802","e02460-B","sample","e02460","B","477","49","Boreogadus saida",8,"B"
"803","e02460-B","sample","e02460","B","477","49","Gadus chalcogrammus",31484,"B"
"804","e02460-B","sample","e02460","B","477","49","Gadus macrocephalus",0,"B"
"805","e02460-C","sample","e02460","C","477","49","Boreogadus saida",75,"B"
"806","e02460-C","sample","e02460","C","477","49","Gadus chalcogrammus",41540,"B"
"807","e02460-C","sample","e02460","C","477","49","Gadus macrocephalus",0,"B"
"808","e02461-A","sample","e02461","A","319","49","Boreogadus saida",1503,"B"
"809","e02461-A","sample","e02461","A","319","49","Gadus chalcogrammus",16300,"B"
"810","e02461-A","sample","e02461","A","319","49","Gadus macrocephalus",165,"B"
"811","e02461-B","sample","e02461","B","319","49","Boreogadus saida",1660,"B"
"812","e02461-B","sample","e02461","B","319","49","Gadus chalcogrammus",29787,"B"
"813","e02461-B","sample","e02461","B","319","49","Gadus macrocephalus",0,"B"
"814","e02461-C","sample","e02461","C","319","49","Boreogadus saida",1631,"B"
"815","e02461-C","sample","e02461","C","319","49","Gadus chalcogrammus",36462,"B"
"816","e02461-C","sample","e02461","C","319","49","Gadus macrocephalus",0,"B"
"817","e02462-A","sample","e02462","A","365","56","Boreogadus saida",12928,"B"
"818","e02462-A","sample","e02462","A","365","56","Gadus macrocephalus",17139,"B"
"819","e02462-B","sample","e02462","B","365","56","Boreogadus saida",14890,"B"
"820","e02462-B","sample","e02462","B","365","56","Gadus macrocephalus",23431,"B"
"821","e02462-C","sample","e02462","C","365","56","Boreogadus saida",18527,"B"
"822","e02462-C","sample","e02462","C","365","56","Gadus macrocephalus",27606,"B"
"823","e02463-A","sample","e02463","A","322","56","Boreogadus saida",10009,"B"
"824","e02463-A","sample","e02463","A","322","56","Gadus macrocephalus",13068,"B"
"825","e02463-B","sample","e02463","B","322","56","Boreogadus saida",16623,"B"
"826","e02463-B","sample","e02463","B","322","56","Gadus macrocephalus",26253,"B"
"827","e02463-C","sample","e02463","C","322","56","Boreogadus saida",18043,"B"
"828","e02463-C","sample","e02463","C","322","56","Gadus macrocephalus",29818,"B"
"829","e02471-A","sample","e02471","A","183","83","Gadus macrocephalus",21391,"B"
"830","e02471-B","sample","e02471","B","183","83","Gadus macrocephalus",44165,"B"
"831","e02471-C","sample","e02471","C","183","83","Gadus macrocephalus",27986,"B"
"832","e02472-A","sample","e02472","A","235","70","Boreogadus saida",2498,"B"
"833","e02472-A","sample","e02472","A","235","70","Gadus macrocephalus",1467,"B"
"834","e02472-B","sample","e02472","B","235","70","Boreogadus saida",20933,"B"
"835","e02472-B","sample","e02472","B","235","70","Gadus macrocephalus",11699,"B"
"836","e02472-C","sample","e02472","C","235","70","Boreogadus saida",20849,"B"
"837","e02472-C","sample","e02472","C","235","70","Gadus macrocephalus",7504,"B"
"838","e02474-A","sample","e02474","A","304","38","Boreogadus saida",7971,"B"
"839","e02474-A","sample","e02474","A","304","38","Gadus macrocephalus",8172,"B"
"840","e02474-B","sample","e02474","B","304","38","Boreogadus saida",38797,"B"
"841","e02474-B","sample","e02474","B","304","38","Gadus macrocephalus",16789,"B"
"842","e02474-C","sample","e02474","C","304","38","Boreogadus saida",8218,"B"
"843","e02474-C","sample","e02474","C","304","38","Gadus macrocephalus",8405,"B"
"844","e02477-A","sample","e02477","A","389","83","Gadus macrocephalus",13543,"B"
"845","e02477-B","sample","e02477","B","389","83","Gadus macrocephalus",32506,"B"
"846","e02477-C","sample","e02477","C","389","83","Gadus macrocephalus",29999,"B"
"847","e02478-A","sample","e02478","A","293","70","Boreogadus saida",3538,"B"
"848","e02478-A","sample","e02478","A","293","70","Gadus macrocephalus",3820,"B"
"849","e02478-B","sample","e02478","B","293","70","Boreogadus saida",16261,"B"
"850","e02478-B","sample","e02478","B","293","70","Gadus macrocephalus",22264,"B"
"851","e02478-C","sample","e02478","C","293","70","Boreogadus saida",7960,"B"
"852","e02478-C","sample","e02478","C","293","70","Gadus macrocephalus",7199,"B"
"853","e02479-A","sample","e02479","A","400","70","Boreogadus saida",3630,"B"
"854","e02479-A","sample","e02479","A","400","70","Gadus macrocephalus",7051,"B"
"855","e02479-B","sample","e02479","B","400","70","Boreogadus saida",13350,"B"
"856","e02479-B","sample","e02479","B","400","70","Gadus macrocephalus",15544,"B"
"857","e02479-C","sample","e02479","C","400","70","Boreogadus saida",12345,"B"
"858","e02479-C","sample","e02479","C","400","70","Gadus macrocephalus",16022,"B"
"859","e02480-A","sample","e02480","A","99","62","Boreogadus saida",10020,"B"
"860","e02480-A","sample","e02480","A","99","62","Gadus macrocephalus",2860,"B"
"861","e02480-B","sample","e02480","B","99","62","Boreogadus saida",26722,"B"
"862","e02480-B","sample","e02480","B","99","62","Gadus macrocephalus",7923,"B"
"863","e02480-C","sample","e02480","C","99","62","Boreogadus saida",24560,"B"
"864","e02480-C","sample","e02480","C","99","62","Gadus macrocephalus",7408,"B"
"865","e02481-A","sample","e02481","A","76","62","Boreogadus saida",18689,"B"
"866","e02481-A","sample","e02481","A","76","62","Gadus macrocephalus",8049,"B"
"867","e02481-B","sample","e02481","B","76","62","Boreogadus saida",37107,"B"
"868","e02481-B","sample","e02481","B","76","62","Gadus macrocephalus",17660,"B"
"869","e02481-C","sample","e02481","C","76","62","Boreogadus saida",26753,"B"
"870","e02481-C","sample","e02481","C","76","62","Gadus macrocephalus",11836,"B"
"871","e02482-A","sample","e02482","A","428","62","Boreogadus saida",17322,"B"
"872","e02482-A","sample","e02482","A","428","62","Gadus macrocephalus",3721,"B"
"873","e02482-B","sample","e02482","B","428","62","Boreogadus saida",38277,"B"
"874","e02482-B","sample","e02482","B","428","62","Gadus macrocephalus",10702,"B"
"875","e02482-C","sample","e02482","C","428","62","Boreogadus saida",32462,"B"
"876","e02482-C","sample","e02482","C","428","62","Gadus macrocephalus",9146,"B"
"877","e02484-A","sample","e02484","A","141","86","Gadus macrocephalus",16936,"B"
"878","e02484-B","sample","e02484","B","141","86","Gadus macrocephalus",31106,"B"
"879","e02484-C","sample","e02484","C","141","86","Gadus macrocephalus",32730,"B"
"880","e02486-A","sample","e02486","A","329","80","Boreogadus saida",20159,"B"
"881","e02486-A","sample","e02486","A","329","80","Gadus macrocephalus",4036,"B"
"882","e02486-B","sample","e02486","B","329","80","Boreogadus saida",104595,"B"
"883","e02486-B","sample","e02486","B","329","80","Gadus macrocephalus",29685,"B"
"884","e02486-C","sample","e02486","C","329","80","Boreogadus saida",33947,"B"
"885","e02486-C","sample","e02486","C","329","80","Gadus macrocephalus",10297,"B"
"886","e02487-A","sample","e02487","A","200","80","Boreogadus saida",16619,"B"
"887","e02487-A","sample","e02487","A","200","80","Gadus macrocephalus",6348,"B"
"888","e02487-B","sample","e02487","B","200","80","Boreogadus saida",31129,"B"
"889","e02487-B","sample","e02487","B","200","80","Gadus macrocephalus",14990,"B"
"890","e02487-C","sample","e02487","C","200","80","Boreogadus saida",21990,"B"
"891","e02487-C","sample","e02487","C","200","80","Gadus macrocephalus",12906,"B"
"892","e02488-A","sample","e02488","A","353","80","Boreogadus saida",8322,"B"
"893","e02488-A","sample","e02488","A","353","80","Gadus macrocephalus",2979,"B"
"894","e02488-B","sample","e02488","B","353","80","Boreogadus saida",27423,"B"
"895","e02488-B","sample","e02488","B","353","80","Gadus macrocephalus",16505,"B"
"896","e02488-C","sample","e02488","C","353","80","Boreogadus saida",18500,"B"
"897","e02488-C","sample","e02488","C","353","80","Gadus macrocephalus",9424,"B"
"898","e02490-A","sample","e02490","A","109","22","Boreogadus saida",23337,"B"
"899","e02490-A","sample","e02490","A","109","22","Gadus chalcogrammus",0,"B"
"900","e02490-B","sample","e02490","B","109","22","Boreogadus saida",46096,"B"
"901","e02490-B","sample","e02490","B","109","22","Gadus chalcogrammus",0,"B"
"902","e02490-C","sample","e02490","C","109","22","Boreogadus saida",51817,"B"
"903","e02490-C","sample","e02490","C","109","22","Gadus chalcogrammus",9,"B"
"904","e02491-A","sample","e02491","A","14","22","Boreogadus saida",29465,"B"
"905","e02491-A","sample","e02491","A","14","22","Gadus chalcogrammus",244,"B"
"906","e02491-B","sample","e02491","B","14","22","Boreogadus saida",64456,"B"
"907","e02491-B","sample","e02491","B","14","22","Gadus chalcogrammus",410,"B"
"908","e02491-C","sample","e02491","C","14","22","Boreogadus saida",60324,"B"
"909","e02491-C","sample","e02491","C","14","22","Gadus chalcogrammus",457,"B"
"910","e02492-A","sample","e02492","A","65","22","Boreogadus saida",23239,"B"
"911","e02492-A","sample","e02492","A","65","22","Gadus chalcogrammus",0,"B"
"912","e02492-B","sample","e02492","B","65","22","Boreogadus saida",44696,"B"
"913","e02492-B","sample","e02492","B","65","22","Gadus chalcogrammus",0,"B"
"914","e02492-C","sample","e02492","C","65","22","Boreogadus saida",52437,"B"
"915","e02492-C","sample","e02492","C","65","22","Gadus chalcogrammus",0,"B"
"916","e02493-A","sample","e02493","A","64","63","Gadus chalcogrammus",78,"B"
"917","e02493-A","sample","e02493","A","64","63","Gadus macrocephalus",11166,"B"
"918","e02493-B","sample","e02493","B","64","63","Gadus chalcogrammus",63,"B"
"919","e02493-B","sample","e02493","B","64","63","Gadus macrocephalus",10256,"B"
"920","e02493-C","sample","e02493","C","64","63","Gadus chalcogrammus",103,"B"
"921","e02493-C","sample","e02493","C","64","63","Gadus macrocephalus",16657,"B"
"922","e02494-A","sample","e02494","A","36","63","Gadus chalcogrammus",240,"B"
"923","e02494-A","sample","e02494","A","36","63","Gadus macrocephalus",25641,"B"
"924","e02494-B","sample","e02494","B","36","63","Gadus chalcogrammus",499,"B"
"925","e02494-B","sample","e02494","B","36","63","Gadus macrocephalus",34892,"B"
"926","e02494-C","sample","e02494","C","36","63","Gadus chalcogrammus",418,"B"
"927","e02494-C","sample","e02494","C","36","63","Gadus macrocephalus",52600,"B"
"928","e02495-A","sample","e02495","A","251","63","Gadus chalcogrammus",233,"B"
"929","e02495-A","sample","e02495","A","251","63","Gadus macrocephalus",19855,"B"
"930","e02495-B","sample","e02495","B","251","63","Gadus chalcogrammus",385,"B"
"931","e02495-B","sample","e02495","B","251","63","Gadus macrocephalus",46266,"B"
"932","e02495-C","sample","e02495","C","251","63","Gadus chalcogrammus",432,"B"
"933","e02495-C","sample","e02495","C","251","63","Gadus macrocephalus",47207,"B"
"934","e02496-A","sample","e02496","A","234","14","Gadus chalcogrammus",26370,"B"
"935","e02496-A","sample","e02496","A","234","14","Gadus macrocephalus",118,"B"
"936","e02496-B","sample","e02496","B","234","14","Gadus chalcogrammus",52980,"B"
"937","e02496-B","sample","e02496","B","234","14","Gadus macrocephalus",215,"B"
"938","e02496-C","sample","e02496","C","234","14","Gadus chalcogrammus",41331,"B"
"939","e02496-C","sample","e02496","C","234","14","Gadus macrocephalus",108,"B"
"940","e02497-A","sample","e02497","A","272","14","Gadus chalcogrammus",22909,"B"
"941","e02497-A","sample","e02497","A","272","14","Gadus macrocephalus",413,"B"
"942","e02497-B","sample","e02497","B","272","14","Gadus chalcogrammus",50228,"B"
"943","e02497-B","sample","e02497","B","272","14","Gadus macrocephalus",673,"B"
"944","e02497-C","sample","e02497","C","272","14","Gadus chalcogrammus",37751,"B"
"945","e02497-C","sample","e02497","C","272","14","Gadus macrocephalus",666,"B"
"946","e02498-A","sample","e02498","A","150","14","Gadus chalcogrammus",15545,"B"
"947","e02498-A","sample","e02498","A","150","14","Gadus macrocephalus",39,"B"
"948","e02498-B","sample","e02498","B","150","14","Gadus chalcogrammus",42882,"B"
"949","e02498-B","sample","e02498","B","150","14","Gadus macrocephalus",113,"B"
"950","e02498-C","sample","e02498","C","150","14","Gadus chalcogrammus",31333,"B"
"951","e02498-C","sample","e02498","C","150","14","Gadus macrocephalus",124,"B"
"952","e02500-A","sample","e02500","A","254","78","Gadus chalcogrammus",19063,"B"
"953","e02500-A","sample","e02500","A","254","78","Gadus macrocephalus",0,"B"
"954","e02500-B","sample","e02500","B","254","78","Gadus chalcogrammus",39800,"B"
"955","e02500-B","sample","e02500","B","254","78","Gadus macrocephalus",21,"B"
"956","e02500-C","sample","e02500","C","254","78","Gadus chalcogrammus",39737,"B"
"957","e02500-C","sample","e02500","C","254","78","Gadus macrocephalus",45,"B"
"958","e02501-A","sample","e02501","A","73","78","Gadus chalcogrammus",23096,"B"
"959","e02501-A","sample","e02501","A","73","78","Gadus macrocephalus",0,"B"
"960","e02501-B","sample","e02501","B","73","78","Gadus chalcogrammus",54799,"B"
"961","e02501-B","sample","e02501","B","73","78","Gadus macrocephalus",99,"B"
"962","e02501-C","sample","e02501","C","73","78","Gadus chalcogrammus",39019,"B"
"963","e02501-C","sample","e02501","C","73","78","Gadus macrocephalus",26,"B"
"964","e02362-A","sample","e02362","A","435","2","Boreogadus saida",899,"A"
"965","e02362-A","sample","e02362","A","435","2","Gadus chalcogrammus",27271,"A"
"966","e02362-A","sample","e02362","A","435","2","Gadus macrocephalus",1933,"A"
"967","e02362-B","sample","e02362","B","435","2","Boreogadus saida",1033,"A"
"968","e02362-B","sample","e02362","B","435","2","Gadus chalcogrammus",34908,"A"
"969","e02362-B","sample","e02362","B","435","2","Gadus macrocephalus",2225,"A"
"970","e02362-C","sample","e02362","C","435","2","Boreogadus saida",723,"A"
"971","e02362-C","sample","e02362","C","435","2","Gadus chalcogrammus",30132,"A"
"972","e02362-C","sample","e02362","C","435","2","Gadus macrocephalus",2466,"A"
"973","e02363-A","sample","e02363","A","393","2","Boreogadus saida",1125,"A"
"974","e02363-A","sample","e02363","A","393","2","Gadus chalcogrammus",23592,"A"
"975","e02363-A","sample","e02363","A","393","2","Gadus macrocephalus",3042,"A"
"976","e02363-B","sample","e02363","B","393","2","Boreogadus saida",1123,"A"
"977","e02363-B","sample","e02363","B","393","2","Gadus chalcogrammus",27567,"A"
"978","e02363-B","sample","e02363","B","393","2","Gadus macrocephalus",2347,"A"
"979","e02363-C","sample","e02363","C","393","2","Boreogadus saida",725,"A"
"980","e02363-C","sample","e02363","C","393","2","Gadus chalcogrammus",25099,"A"
"981","e02363-C","sample","e02363","C","393","2","Gadus macrocephalus",2477,"A"
"982","e02366-A","sample","e02366","A","446","2","Boreogadus saida",749,"A"
"983","e02366-A","sample","e02366","A","446","2","Gadus chalcogrammus",22107,"A"
"984","e02366-A","sample","e02366","A","446","2","Gadus macrocephalus",1861,"A"
"985","e02366-B","sample","e02366","B","446","2","Boreogadus saida",837,"A"
"986","e02366-B","sample","e02366","B","446","2","Gadus chalcogrammus",44134,"A"
"987","e02366-B","sample","e02366","B","446","2","Gadus macrocephalus",2404,"A"
"988","e02366-C","sample","e02366","C","446","2","Boreogadus saida",455,"A"
"989","e02366-C","sample","e02366","C","446","2","Gadus chalcogrammus",32544,"A"
"990","e02366-C","sample","e02366","C","446","2","Gadus macrocephalus",2314,"A"
"991","e02370-A","sample","e02370","A","81","39","Boreogadus saida",3564,"A"
"992","e02370-A","sample","e02370","A","81","39","Gadus chalcogrammus",17415,"A"
"993","e02370-A","sample","e02370","A","81","39","Gadus macrocephalus",9731,"A"
"994","e02370-B","sample","e02370","B","81","39","Boreogadus saida",3713,"A"
"995","e02370-B","sample","e02370","B","81","39","Gadus chalcogrammus",20770,"A"
"996","e02370-B","sample","e02370","B","81","39","Gadus macrocephalus",11903,"A"
"997","e02370-C","sample","e02370","C","81","39","Boreogadus saida",3002,"A"
"998","e02370-C","sample","e02370","C","81","39","Gadus chalcogrammus",20756,"A"
"999","e02370-C","sample","e02370","C","81","39","Gadus macrocephalus",11948,"A"
"1000","e02372-A","sample","e02372","A","398","89","Gadus chalcogrammus",9518,"A"
"1001","e02372-A","sample","e02372","A","398","89","Gadus macrocephalus",19965,"A"
"1002","e02372-B","sample","e02372","B","398","89","Gadus chalcogrammus",13833,"A"
"1003","e02372-B","sample","e02372","B","398","89","Gadus macrocephalus",25433,"A"
"1004","e02372-C","sample","e02372","C","398","89","Gadus chalcogrammus",10553,"A"
"1005","e02372-C","sample","e02372","C","398","89","Gadus macrocephalus",17441,"A"
"1006","e02373-A","sample","e02373","A","312","89","Gadus chalcogrammus",19403,"A"
"1007","e02373-A","sample","e02373","A","312","89","Gadus macrocephalus",30994,"A"
"1008","e02373-B","sample","e02373","B","312","89","Gadus chalcogrammus",15513,"A"
"1009","e02373-B","sample","e02373","B","312","89","Gadus macrocephalus",23476,"A"
"1010","e02373-C","sample","e02373","C","312","89","Gadus chalcogrammus",12828,"A"
"1011","e02373-C","sample","e02373","C","312","89","Gadus macrocephalus",19277,"A"
"1012","e02374-A","sample","e02374","A","360","39","Boreogadus saida",4819,"A"
"1013","e02374-A","sample","e02374","A","360","39","Gadus chalcogrammus",22485,"A"
"1014","e02374-A","sample","e02374","A","360","39","Gadus macrocephalus",12848,"A"
"1015","e02374-B","sample","e02374","B","360","39","Boreogadus saida",4594,"A"
"1016","e02374-B","sample","e02374","B","360","39","Gadus chalcogrammus",23935,"A"
"1017","e02374-B","sample","e02374","B","360","39","Gadus macrocephalus",13476,"A"
"1018","e02374-C","sample","e02374","C","360","39","Boreogadus saida",3429,"A"
"1019","e02374-C","sample","e02374","C","360","39","Gadus chalcogrammus",22089,"A"
"1020","e02374-C","sample","e02374","C","360","39","Gadus macrocephalus",12989,"A"
"1021","e02375-A","sample","e02375","A","8","39","Boreogadus saida",3982,"A"
"1022","e02375-A","sample","e02375","A","8","39","Gadus chalcogrammus",15044,"A"
"1023","e02375-A","sample","e02375","A","8","39","Gadus macrocephalus",11558,"A"
"1024","e02375-B","sample","e02375","B","8","39","Boreogadus saida",6925,"A"
"1025","e02375-B","sample","e02375","B","8","39","Gadus chalcogrammus",27525,"A"
"1026","e02375-B","sample","e02375","B","8","39","Gadus macrocephalus",17849,"A"
"1027","e02375-C","sample","e02375","C","8","39","Boreogadus saida",2721,"A"
"1028","e02375-C","sample","e02375","C","8","39","Gadus chalcogrammus",13744,"A"
"1029","e02375-C","sample","e02375","C","8","39","Gadus macrocephalus",9140,"A"
"1030","e02380-A","sample","e02380","A","492","89","Gadus chalcogrammus",11579,"A"
"1031","e02380-A","sample","e02380","A","492","89","Gadus macrocephalus",17814,"A"
"1032","e02380-B","sample","e02380","B","492","89","Gadus chalcogrammus",14729,"A"
"1033","e02380-B","sample","e02380","B","492","89","Gadus macrocephalus",22731,"A"
"1034","e02380-C","sample","e02380","C","492","89","Gadus chalcogrammus",13520,"A"
"1035","e02380-C","sample","e02380","C","492","89","Gadus macrocephalus",17908,"A"
